workload_id,manifest_sha256,system_id,group_id,duplicate_group,order,dataset_id,source_path,source_sha256,normalized_structure_sha256,frame_index,atom_count,species,chemical_formula,pbc,cell_A,volume_A3,constraints,topology_edge_counts,arrival_time,random_seed,reference
OPT-MIX-R32-v1,7717e04ce0dba888e4d7f61604eb78b6dea28f4d6920d0102d2813c23e0dc110,OPT-MIX-R32-v1:0000,Aven12_1_295_z1,def54bd6b867b4cc4c5cabedf2c85119ff7655f546dee886b6f10a84a173c021,0,T2_test,Aven12_1_295_z1.cif,ad438e84a392159c89b3a9ab76dd64e2b9045fc1f4f8e73411559a6fbd2dfdc3,def54bd6b867b4cc4c5cabedf2c85119ff7655f546dee886b6f10a84a173c021,0,46,"[""O"", ""C"", ""N"", ""C"", ""C"", ""C"", ""C"", ""C"", ""C"", ""N"", ""C"", ""C"", ""C"", ""C"", ""N"", ""C"", ""O"", ""N"", ""C"", ""C"", ""C"", ""C"", ""C"", ""C"", ""C"", ""N"", ""C"", ""O"", ""N"", ""C"", ""C"", ""C"", ""H"", ""H"", ""H"", ""H"", ""H"", ""H"", ""H"", ""H"", ""H"", ""H"", ""H"", ""H"", ""H"", ""H""]",C23H14N6O3,"[true, true, true]","[12.802336058836605, 0.0, 0.0, -5.6537658786403515, 13.52858268315239, 0.0, 0.23362888219260494, 0.4416079284307146, 9.208827438245807]",1594.9455394664983,[],"{""cutoff=4.500_skin=0.000"": 818, ""cutoff=4.500_skin=0.250"": 938, ""cutoff=4.500_skin=0.500"": 1014, ""cutoff=4.500_skin=1.000"": 1188, ""cutoff=6.000_skin=0.000"": 1438, ""cutoff=6.000_skin=0.250"": 1560, ""cutoff=6.000_skin=0.500"": 1718, ""cutoff=6.000_skin=1.000"": 2054}",0.0,,
OPT-MIX-R32-v1,7717e04ce0dba888e4d7f61604eb78b6dea28f4d6920d0102d2813c23e0dc110,OPT-MIX-R32-v1:0001,Aven12_148_562_z1,a4ba17aa0e9c9b6743805f6245ee858def3e0bd093344b795ef190ec62d99b60,1,T2_test,Aven12_148_562_z1.cif,7bfa4b0f048fecc6b3fa995c7eca62d5999974d47445ae5592fe6e2087d08e0e,a4ba17aa0e9c9b6743805f6245ee858def3e0bd093344b795ef190ec62d99b60,0,276,"[""O"", ""C"", ""N"", ""C"", ""C"", ""C"", ""C"", ""C"", ""C"", ""N"", ""C"", ""C"", ""C"", ""C"", ""N"", ""C"", ""O"", ""N"", ""C"", ""C"", ""C"", ""C"", ""C"", ""C"", ""C"", ""N"", ""C"", ""O"", ""N"", ""C"", ""C"", ""C"", ""H"", ""H"", ""H"", ""H"", ""H"", ""H"", ""H"", ""H"", ""H"", ""H"", ""H"", ""H"", ""H"", ""H"", ""O"", ""C"", ""N"", ""C"", ""C"", ""C"", ""C"", ""C"", ""C"", ""N"", ""C"", ""C"", ""C"", ""C"", ""N"", ""C"", ""O"", ""N"", ""C"", ""C"", ""C"", ""C"", ""C"", ""C"", ""C"", ""N"", ""C"", ""O"", ""N"", ""C"", ""C"", ""C"", ""H"", ""H"", ""H"", ""H"", ""H"", ""H"", ""H"", ""H"", ""H"", ""H"", ""H"", ""H"", ""H"", ""H"", ""O"", ""C"", ""N"", ""C"", ""C"", ""C"", ""C"", ""C"", ""C"", ""N"", ""C"", ""C"", ""C"", ""C"", ""N"", ""C"", ""O"", ""N"", ""C"", ""C"", ""C"", ""C"", ""C"", ""C"", ""C"", ""N"", ""C"", ""O"", ""N"", ""C"", ""C"", ""C"", ""H"", ""H"", ""H"", ""H"", ""H"", ""H"", ""H"", ""H"", ""H"", ""H"", ""H"", ""H"", ""H"", ""H"", ""O"", ""C"", ""N"", ""C"", ""C"", ""C"", ""C"", ""C"", ""C"", ""N"", ""C"", ""C"", ""C"", ""C"", ""N"", ""C"", ""O"", ""N"", ""C"", ""C"", ""C"", ""C"", ""C"", ""C"", ""C"", ""N"", ""C"", ""O"", ""N"", ""C"", ""C"", ""C"", ""H"", ""H"", ""H"", ""H"", ""H"", ""H"", ""H"", ""H"", ""H"", ""H"", ""H"", ""H"", ""H"", ""H"", ""O"", ""C"", ""N"", ""C"", ""C"", ""C"", ""C"", ""C"", ""C"", ""N"", ""C"", ""C"", ""C"", ""C"", ""N"", ""C"", ""O"", ""N"", ""C"", ""C"", ""C"", ""C"", ""C"", ""C"", ""C"", ""N"", ""C"", ""O"", ""N"", ""C"", ""C"", ""C"", ""H"", ""H"", ""H"", ""H"", ""H"", ""H"", ""H"", ""H"", ""H"", ""H"", ""H"", ""H"", ""H"", ""H"", ""O"", ""C"", ""N"", ""C"", ""C"", ""C"", ""C"", ""C"", ""C"", ""N"", ""C"", ""C"", ""C"", ""C"", ""N"", ""C"", ""O"", ""N"", ""C"", ""C"", ""C"", ""C"", ""C"", ""C"", ""C"", ""N"", ""C"", ""O"", ""N"", ""C"", ""C"", ""C"", ""H"", ""H"", ""H"", ""H"", ""H"", ""H"", ""H"", ""H"", ""H"", ""H"", ""H"", ""H"", ""H"", ""H""]",C138H84N36O18,"[true, true, true]","[24.056497166962558, 0.0, 0.0, 4.456065026412933, 23.64018909451566, 0.0, 4.456065026412933, 3.6945897435458988, 23.349701219744603]",13278.978398828389,[],"{""cutoff=4.500_skin=0.000"": 4776, ""cutoff=4.500_skin=0.250"": 5424, ""cutoff=4.500_skin=0.500"": 5904, ""cutoff=4.500_skin=1.000"": 6798, ""cutoff=6.000_skin=0.000"": 8160, ""cutoff=6.000_skin=0.250"": 8676, ""cutoff=6.000_skin=0.500"": 9528, ""cutoff=6.000_skin=1.000"": 11382}",0.0,,
OPT-MIX-R32-v1,7717e04ce0dba888e4d7f61604eb78b6dea28f4d6920d0102d2813c23e0dc110,OPT-MIX-R32-v1:0002,Aven12_1_331_z1,31aab45be2bd9a2e07855494c4a7f89b5451e35e4cb60bad1528d9786a146045,2,T2_test,Aven12_1_331_z1.cif,977479777e045ca728d7e2446db5fbb9a2c2c154072afce755f71e3008bbab3b,31aab45be2bd9a2e07855494c4a7f89b5451e35e4cb60bad1528d9786a146045,0,46,"[""O"", ""C"", ""N"", ""C"", ""C"", ""C"", ""C"", ""C"", ""C"", ""N"", ""C"", ""C"", ""C"", ""C"", ""N"", ""C"", ""O"", ""N"", ""C"", ""C"", ""C"", ""C"", ""C"", ""C"", ""C"", ""N"", ""C"", ""O"", ""N"", ""C"", ""C"", ""C"", ""H"", ""H"", ""H"", ""H"", ""H"", ""H"", ""H"", ""H"", ""H"", ""H"", ""H"", ""H"", ""H"", ""H""]",C23H14N6O3,"[true, true, true]","[13.027753133998772, 0.0, 0.0, 5.007796556080504, 9.835873000155289, 0.0, -4.822094008611286, 1.758886646308541, 7.60972207109119]",975.1046519359173,[],"{""cutoff=4.500_skin=0.000"": 900, ""cutoff=4.500_skin=0.250"": 1054, ""cutoff=4.500_skin=0.500"": 1178, ""cutoff=4.500_skin=1.000"": 1492, ""cutoff=6.000_skin=0.000"": 1904, ""cutoff=6.000_skin=0.250"": 2134, ""cutoff=6.000_skin=0.500"": 2416, ""cutoff=6.000_skin=1.000"": 3032}",0.0,,
OPT-MIX-R32-v1,7717e04ce0dba888e4d7f61604eb78b6dea28f4d6920d0102d2813c23e0dc110,OPT-MIX-R32-v1:0003,Aven12_148_66_z1,7ff6aee6107725aed7c48af78e940278fc9c6997bfe766b4adaa186fcf39f010,3,T2_test,Aven12_148_66_z1.cif,5788db998f0df4c623a9b4a8fd14d8644a87966fa9bca457bb86900c209b1f95,7ff6aee6107725aed7c48af78e940278fc9c6997bfe766b4adaa186fcf39f010,0,276,"[""O"", ""C"", ""N"", ""C"", ""C"", ""C"", ""C"", ""C"", ""C"", ""N"", ""C"", ""C"", ""C"", ""C"", ""N"", ""C"", ""O"", ""N"", ""C"", ""C"", ""C"", ""C"", ""C"", ""C"", ""C"", ""N"", ""C"", ""O"", ""N"", ""C"", ""C"", ""C"", ""H"", ""H"", ""H"", ""H"", ""H"", ""H"", ""H"", ""H"", ""H"", ""H"", ""H"", ""H"", ""H"", ""H"", ""O"", ""C"", ""N"", ""C"", ""C"", ""C"", ""C"", ""C"", ""C"", ""N"", ""C"", ""C"", ""C"", ""C"", ""N"", ""C"", ""O"", ""N"", ""C"", ""C"", ""C"", ""C"", ""C"", ""C"", ""C"", ""N"", ""C"", ""O"", ""N"", ""C"", ""C"", ""C"", ""H"", ""H"", ""H"", ""H"", ""H"", ""H"", ""H"", ""H"", ""H"", ""H"", ""H"", ""H"", ""H"", ""H"", ""O"", ""C"", ""N"", ""C"", ""C"", ""C"", ""C"", ""C"", ""C"", ""N"", ""C"", ""C"", ""C"", ""C"", ""N"", ""C"", ""O"", ""N"", ""C"", ""C"", ""C"", ""C"", ""C"", ""C"", ""C"", ""N"", ""C"", ""O"", ""N"", ""C"", ""C"", ""C"", ""H"", ""H"", ""H"", ""H"", ""H"", ""H"", ""H"", ""H"", ""H"", ""H"", ""H"", ""H"", ""H"", ""H"", ""O"", ""C"", ""N"", ""C"", ""C"", ""C"", ""C"", ""C"", ""C"", ""N"", ""C"", ""C"", ""C"", ""C"", ""N"", ""C"", ""O"", ""N"", ""C"", ""C"", ""C"", ""C"", ""C"", ""C"", ""C"", ""N"", ""C"", ""O"", ""N"", ""C"", ""C"", ""C"", ""H"", ""H"", ""H"", ""H"", ""H"", ""H"", ""H"", ""H"", ""H"", ""H"", ""H"", ""H"", ""H"", ""H"", ""O"", ""C"", ""N"", ""C"", ""C"", ""C"", ""C"", ""C"", ""C"", ""N"", ""C"", ""C"", ""C"", ""C"", ""N"", ""C"", ""O"", ""N"", ""C"", ""C"", ""C"", ""C"", ""C"", ""C"", ""C"", ""N"", ""C"", ""O"", ""N"", ""C"", ""C"", ""C"", ""H"", ""H"", ""H"", ""H"", ""H"", ""H"", ""H"", ""H"", ""H"", ""H"", ""H"", ""H"", ""H"", ""H"", ""O"", ""C"", ""N"", ""C"", ""C"", ""C"", ""C"", ""C"", ""C"", ""N"", ""C"", ""C"", ""C"", ""C"", ""N"", ""C"", ""O"", ""N"", ""C"", ""C"", ""C"", ""C"", ""C"", ""C"", ""C"", ""N"", ""C"", ""O"", ""N"", ""C"", ""C"", ""C"", ""H"", ""H"", ""H"", ""H"", ""H"", ""H"", ""H"", ""H"", ""H"", ""H"", ""H"", ""H"", ""H"", ""H""]",C138H84N36O18,"[true, true, true]","[23.64510327304901, 0.0, 0.0, 1.2118938953752878, 23.614025958728536, 0.0, 1.2118938953752878, 1.1512932841690782, 23.585943817310604]",13169.355191582516,[],"{""cutoff=4.500_skin=0.000"": 4722, ""cutoff=4.500_skin=0.250"": 5370, ""cutoff=4.500_skin=0.500"": 5748, ""cutoff=4.500_skin=1.000"": 6528, ""cutoff=6.000_skin=0.000"": 7692, ""cutoff=6.000_skin=0.250"": 8124, ""cutoff=6.000_skin=0.500"": 8796, ""cutoff=6.000_skin=1.000"": 10506}",0.0,,
OPT-MIX-R32-v1,7717e04ce0dba888e4d7f61604eb78b6dea28f4d6920d0102d2813c23e0dc110,OPT-MIX-R32-v1:0004,Aven12_1_241_z1,69765653bb3ae5e7ab67939e56c98d719b46a33817e6ea4138f54b19954eb8fd,4,T2_test,Aven12_1_241_z1.cif,09e8ac04927c62166d90a1907c7fe271fea636ac616a46769b812d2bdd7a657a,69765653bb3ae5e7ab67939e56c98d719b46a33817e6ea4138f54b19954eb8fd,0,46,"[""O"", ""C"", ""N"", ""C"", ""C"", ""C"", ""C"", ""C"", ""C"", ""N"", ""C"", ""C"", ""C"", ""C"", ""N"", ""C"", ""O"", ""N"", ""C"", ""C"", ""C"", ""C"", ""C"", ""C"", ""C"", ""N"", ""C"", ""O"", ""N"", ""C"", ""C"", ""C"", ""H"", ""H"", ""H"", ""H"", ""H"", ""H"", ""H"", ""H"", ""H"", ""H"", ""H"", ""H"", ""H"", ""H""]",C23H14N6O3,"[true, true, true]","[13.224574684438714, 0.0, 0.0, -2.041883157756193, 12.130988251462895, 0.0, 2.428160617335694, -1.2389237213520072, 8.204865640460214]",1316.2832939268965,[],"{""cutoff=4.500_skin=0.000"": 868, ""cutoff=4.500_skin=0.250"": 1000, ""cutoff=4.500_skin=0.500"": 1106, ""cutoff=4.500_skin=1.000"": 1320, ""cutoff=6.000_skin=0.000"": 1604, ""cutoff=6.000_skin=0.250"": 1750, ""cutoff=6.000_skin=0.500"": 1964, ""cutoff=6.000_skin=1.000"": 2400}",0.0,,
OPT-MIX-R32-v1,7717e04ce0dba888e4d7f61604eb78b6dea28f4d6920d0102d2813c23e0dc110,OPT-MIX-R32-v1:0005,Aven12_148_854_z1,e58bc5c3d3a955f67c0153ba44175a7839a79ae4939aeee5bb13bb37b77ad2d8,5,T2_test,Aven12_148_854_z1.cif,7e58c7d3ac843a4e2441118be77c4f3dcf0537f9b83cf2fad0ccbd3d1fd68eb8,e58bc5c3d3a955f67c0153ba44175a7839a79ae4939aeee5bb13bb37b77ad2d8,0,276,"[""O"", ""C"", ""N"", ""C"", ""C"", ""C"", ""C"", ""C"", ""C"", ""N"", ""C"", ""C"", ""C"", ""C"", ""N"", ""C"", ""O"", ""N"", ""C"", ""C"", ""C"", ""C"", ""C"", ""C"", ""C"", ""N"", ""C"", ""O"", ""N"", ""C"", ""C"", ""C"", ""H"", ""H"", ""H"", ""H"", ""H"", ""H"", ""H"", ""H"", ""H"", ""H"", ""H"", ""H"", ""H"", ""H"", ""O"", ""C"", ""N"", ""C"", ""C"", ""C"", ""C"", ""C"", ""C"", ""N"", ""C"", ""C"", ""C"", ""C"", ""N"", ""C"", ""O"", ""N"", ""C"", ""C"", ""C"", ""C"", ""C"", ""C"", ""C"", ""N"", ""C"", ""O"", ""N"", ""C"", ""C"", ""C"", ""H"", ""H"", ""H"", ""H"", ""H"", ""H"", ""H"", ""H"", ""H"", ""H"", ""H"", ""H"", ""H"", ""H"", ""O"", ""C"", ""N"", ""C"", ""C"", ""C"", ""C"", ""C"", ""C"", ""N"", ""C"", ""C"", ""C"", ""C"", ""N"", ""C"", ""O"", ""N"", ""C"", ""C"", ""C"", ""C"", ""C"", ""C"", ""C"", ""N"", ""C"", ""O"", ""N"", ""C"", ""C"", ""C"", ""H"", ""H"", ""H"", ""H"", ""H"", ""H"", ""H"", ""H"", ""H"", ""H"", ""H"", ""H"", ""H"", ""H"", ""O"", ""C"", ""N"", ""C"", ""C"", ""C"", ""C"", ""C"", ""C"", ""N"", ""C"", ""C"", ""C"", ""C"", ""N"", ""C"", ""O"", ""N"", ""C"", ""C"", ""C"", ""C"", ""C"", ""C"", ""C"", ""N"", ""C"", ""O"", ""N"", ""C"", ""C"", ""C"", ""H"", ""H"", ""H"", ""H"", ""H"", ""H"", ""H"", ""H"", ""H"", ""H"", ""H"", ""H"", ""H"", ""H"", ""O"", ""C"", ""N"", ""C"", ""C"", ""C"", ""C"", ""C"", ""C"", ""N"", ""C"", ""C"", ""C"", ""C"", ""N"", ""C"", ""O"", ""N"", ""C"", ""C"", ""C"", ""C"", ""C"", ""C"", ""C"", ""N"", ""C"", ""O"", ""N"", ""C"", ""C"", ""C"", ""H"", ""H"", ""H"", ""H"", ""H"", ""H"", ""H"", ""H"", ""H"", ""H"", ""H"", ""H"", ""H"", ""H"", ""O"", ""C"", ""N"", ""C"", ""C"", ""C"", ""C"", ""C"", ""C"", ""N"", ""C"", ""C"", ""C"", ""C"", ""N"", ""C"", ""O"", ""N"", ""C"", ""C"", ""C"", ""C"", ""C"", ""C"", ""C"", ""N"", ""C"", ""O"", ""N"", ""C"", ""C"", ""C"", ""H"", ""H"", ""H"", ""H"", ""H"", ""H"", ""H"", ""H"", ""H"", ""H"", ""H"", ""H"", ""H"", ""H""]",C138H84N36O18,"[true, true, true]","[25.594236345328603, 0.0, 0.0, -8.53026025414605, 24.130884652185376, 0.0, -8.53026025414605, -12.062998983706073, 20.899369598535312]",12907.692365471607,[],"{""cutoff=4.500_skin=0.000"": 4944, ""cutoff=4.500_skin=0.250"": 5652, ""cutoff=4.500_skin=0.500"": 6006, ""cutoff=4.500_skin=1.000"": 7044, ""cutoff=6.000_skin=0.000"": 8382, ""cutoff=6.000_skin=0.250"": 9096, ""cutoff=6.000_skin=0.500"": 10086, ""cutoff=6.000_skin=1.000"": 12384}",0.0,,
OPT-MIX-R32-v1,7717e04ce0dba888e4d7f61604eb78b6dea28f4d6920d0102d2813c23e0dc110,OPT-MIX-R32-v1:0006,Aven12_1_62_z1,84be883d799e1688aac2eb9efa167dc79d5aa75b87400d947c655fb5584b96f5,6,T2_test,Aven12_1_62_z1.cif,48d2d336a83e3b6b4a58eacff285354b88353fa2f1be9ee2b09c3295d3bf5f03,84be883d799e1688aac2eb9efa167dc79d5aa75b87400d947c655fb5584b96f5,0,46,"[""O"", ""C"", ""N"", ""C"", ""C"", ""C"", ""C"", ""C"", ""C"", ""N"", ""C"", ""C"", ""C"", ""C"", ""N"", ""C"", ""O"", ""N"", ""C"", ""C"", ""C"", ""C"", ""C"", ""C"", ""C"", ""N"", ""C"", ""O"", ""N"", ""C"", ""C"", ""C"", ""H"", ""H"", ""H"", ""H"", ""H"", ""H"", ""H"", ""H"", ""H"", ""H"", ""H"", ""H"", ""H"", ""H""]",C23H14N6O3,"[true, true, true]","[10.879710081910979, 0.0, 0.0, -7.825469013791677, 10.73974001721912, 0.0, -1.3061712736111855, 10.400818953653792, 9.452888635976363]",1104.5252090812553,[],"{""cutoff=4.500_skin=0.000"": 914, ""cutoff=4.500_skin=0.250"": 1054, ""cutoff=4.500_skin=0.500"": 1150, ""cutoff=4.500_skin=1.000"": 1380, ""cutoff=6.000_skin=0.000"": 1760, ""cutoff=6.000_skin=0.250"": 1918, ""cutoff=6.000_skin=0.500"": 2126, ""cutoff=6.000_skin=1.000"": 2600}",0.0,,
OPT-MIX-R32-v1,7717e04ce0dba888e4d7f61604eb78b6dea28f4d6920d0102d2813c23e0dc110,OPT-MIX-R32-v1:0007,Aven12_148_2222_z1,d2a8e227977ddb1b2bcb4af583078e31701c65a6ecfefb548a0119781be4348b,7,T2_test,Aven12_148_2222_z1.cif,514108632b0cd260622dd586c79edbd5f933a3953ac3b045fbff4b0036733a85,d2a8e227977ddb1b2bcb4af583078e31701c65a6ecfefb548a0119781be4348b,0,276,"[""O"", ""C"", ""N"", ""C"", ""C"", ""C"", ""C"", ""C"", ""C"", ""N"", ""C"", ""C"", ""C"", ""C"", ""N"", ""C"", ""O"", ""N"", ""C"", ""C"", ""C"", ""C"", ""C"", ""C"", ""C"", ""N"", ""C"", ""O"", ""N"", ""C"", ""C"", ""C"", ""H"", ""H"", ""H"", ""H"", ""H"", ""H"", ""H"", ""H"", ""H"", ""H"", ""H"", ""H"", ""H"", ""H"", ""O"", ""C"", ""N"", ""C"", ""C"", ""C"", ""C"", ""C"", ""C"", ""N"", ""C"", ""C"", ""C"", ""C"", ""N"", ""C"", ""O"", ""N"", ""C"", ""C"", ""C"", ""C"", ""C"", ""C"", ""C"", ""N"", ""C"", ""O"", ""N"", ""C"", ""C"", ""C"", ""H"", ""H"", ""H"", ""H"", ""H"", ""H"", ""H"", ""H"", ""H"", ""H"", ""H"", ""H"", ""H"", ""H"", ""O"", ""C"", ""N"", ""C"", ""C"", ""C"", ""C"", ""C"", ""C"", ""N"", ""C"", ""C"", ""C"", ""C"", ""N"", ""C"", ""O"", ""N"", ""C"", ""C"", ""C"", ""C"", ""C"", ""C"", ""C"", ""N"", ""C"", ""O"", ""N"", ""C"", ""C"", ""C"", ""H"", ""H"", ""H"", ""H"", ""H"", ""H"", ""H"", ""H"", ""H"", ""H"", ""H"", ""H"", ""H"", ""H"", ""O"", ""C"", ""N"", ""C"", ""C"", ""C"", ""C"", ""C"", ""C"", ""N"", ""C"", ""C"", ""C"", ""C"", ""N"", ""C"", ""O"", ""N"", ""C"", ""C"", ""C"", ""C"", ""C"", ""C"", ""C"", ""N"", ""C"", ""O"", ""N"", ""C"", ""C"", ""C"", ""H"", ""H"", ""H"", ""H"", ""H"", ""H"", ""H"", ""H"", ""H"", ""H"", ""H"", ""H"", ""H"", ""H"", ""O"", ""C"", ""N"", ""C"", ""C"", ""C"", ""C"", ""C"", ""C"", ""N"", ""C"", ""C"", ""C"", ""C"", ""N"", ""C"", ""O"", ""N"", ""C"", ""C"", ""C"", ""C"", ""C"", ""C"", ""C"", ""N"", ""C"", ""O"", ""N"", ""C"", ""C"", ""C"", ""H"", ""H"", ""H"", ""H"", ""H"", ""H"", ""H"", ""H"", ""H"", ""H"", ""H"", ""H"", ""H"", ""H"", ""O"", ""C"", ""N"", ""C"", ""C"", ""C"", ""C"", ""C"", ""C"", ""N"", ""C"", ""C"", ""C"", ""C"", ""N"", ""C"", ""O"", ""N"", ""C"", ""C"", ""C"", ""C"", ""C"", ""C"", ""C"", ""N"", ""C"", ""O"", ""N"", ""C"", ""C"", ""C"", ""H"", ""H"", ""H"", ""H"", ""H"", ""H"", ""H"", ""H"", ""H"", ""H"", ""H"", ""H"", ""H"", ""H""]",C138H84N36O18,"[true, true, true]","[33.794004023945156, 0.0, 0.0, -16.424015241438905, 29.534495616472004, 0.0, -16.424015241438905, -27.92604026559176, 9.613672888337302]",9595.299849183346,[],"{""cutoff=4.500_skin=0.000"": 5436, ""cutoff=4.500_skin=0.250"": 6288, ""cutoff=4.500_skin=0.500"": 6936, ""cutoff=4.500_skin=1.000"": 8412, ""cutoff=6.000_skin=0.000"": 10260, ""cutoff=6.000_skin=0.250"": 11244, ""cutoff=6.000_skin=0.500"": 12420, ""cutoff=6.000_skin=1.000"": 15492}",0.0,,
OPT-MIX-R32-v1,7717e04ce0dba888e4d7f61604eb78b6dea28f4d6920d0102d2813c23e0dc110,OPT-MIX-R32-v1:0008,Aven12_1_204_z1,9fd4ed54f0ae748efe546b9351efc3dcb9b2f66d57c7f25a9cdf3234c956c3f2,8,T2_test,Aven12_1_204_z1.cif,19dcfafb8f520084558c67eef610c8bdfdbc880f2bee1ffb8a7965429f1f762f,9fd4ed54f0ae748efe546b9351efc3dcb9b2f66d57c7f25a9cdf3234c956c3f2,0,46,"[""O"", ""C"", ""N"", ""C"", ""C"", ""C"", ""C"", ""C"", ""C"", ""N"", ""C"", ""C"", ""C"", ""C"", ""N"", ""C"", ""O"", ""N"", ""C"", ""C"", ""C"", ""C"", ""C"", ""C"", ""C"", ""N"", ""C"", ""O"", ""N"", ""C"", ""C"", ""C"", ""H"", ""H"", ""H"", ""H"", ""H"", ""H"", ""H"", ""H"", ""H"", ""H"", ""H"", ""H"", ""H"", ""H""]",C23H14N6O3,"[true, true, true]","[11.155342659714048, 0.0, 0.0, 5.1651703489154395, 13.673888756366056, 0.0, -3.591245707176486, 4.271590040649157, 9.927547785834966]",1514.317508478386,[],"{""cutoff=4.500_skin=0.000"": 828, ""cutoff=4.500_skin=0.250"": 954, ""cutoff=4.500_skin=0.500"": 1022, ""cutoff=4.500_skin=1.000"": 1198, ""cutoff=6.000_skin=0.000"": 1450, ""cutoff=6.000_skin=0.250"": 1554, ""cutoff=6.000_skin=0.500"": 1694, ""cutoff=6.000_skin=1.000"": 2042}",0.0,,
OPT-MIX-R32-v1,7717e04ce0dba888e4d7f61604eb78b6dea28f4d6920d0102d2813c23e0dc110,OPT-MIX-R32-v1:0009,Aven12_148_756_z1,1728103f96ced076d68d1e427c95e1cddef08d19f5de7ff3035fa54107e9bdcb,9,T2_test,Aven12_148_756_z1.cif,b4dc26c40a49fc53b44b01e6837fb822e15af17f58f4648a66fbfcef5df52397,1728103f96ced076d68d1e427c95e1cddef08d19f5de7ff3035fa54107e9bdcb,0,276,"[""O"", ""C"", ""N"", ""C"", ""C"", ""C"", ""C"", ""C"", ""C"", ""N"", ""C"", ""C"", ""C"", ""C"", ""N"", ""C"", ""O"", ""N"", ""C"", ""C"", ""C"", ""C"", ""C"", ""C"", ""C"", ""N"", ""C"", ""O"", ""N"", ""C"", ""C"", ""C"", ""H"", ""H"", ""H"", ""H"", ""H"", ""H"", ""H"", ""H"", ""H"", ""H"", ""H"", ""H"", ""H"", ""H"", ""O"", ""C"", ""N"", ""C"", ""C"", ""C"", ""C"", ""C"", ""C"", ""N"", ""C"", ""C"", ""C"", ""C"", ""N"", ""C"", ""O"", ""N"", ""C"", ""C"", ""C"", ""C"", ""C"", ""C"", ""C"", ""N"", ""C"", ""O"", ""N"", ""C"", ""C"", ""C"", ""H"", ""H"", ""H"", ""H"", ""H"", ""H"", ""H"", ""H"", ""H"", ""H"", ""H"", ""H"", ""H"", ""H"", ""O"", ""C"", ""N"", ""C"", ""C"", ""C"", ""C"", ""C"", ""C"", ""N"", ""C"", ""C"", ""C"", ""C"", ""N"", ""C"", ""O"", ""N"", ""C"", ""C"", ""C"", ""C"", ""C"", ""C"", ""C"", ""N"", ""C"", ""O"", ""N"", ""C"", ""C"", ""C"", ""H"", ""H"", ""H"", ""H"", ""H"", ""H"", ""H"", ""H"", ""H"", ""H"", ""H"", ""H"", ""H"", ""H"", ""O"", ""C"", ""N"", ""C"", ""C"", ""C"", ""C"", ""C"", ""C"", ""N"", ""C"", ""C"", ""C"", ""C"", ""N"", ""C"", ""O"", ""N"", ""C"", ""C"", ""C"", ""C"", ""C"", ""C"", ""C"", ""N"", ""C"", ""O"", ""N"", ""C"", ""C"", ""C"", ""H"", ""H"", ""H"", ""H"", ""H"", ""H"", ""H"", ""H"", ""H"", ""H"", ""H"", ""H"", ""H"", ""H"", ""O"", ""C"", ""N"", ""C"", ""C"", ""C"", ""C"", ""C"", ""C"", ""N"", ""C"", ""C"", ""C"", ""C"", ""N"", ""C"", ""O"", ""N"", ""C"", ""C"", ""C"", ""C"", ""C"", ""C"", ""C"", ""N"", ""C"", ""O"", ""N"", ""C"", ""C"", ""C"", ""H"", ""H"", ""H"", ""H"", ""H"", ""H"", ""H"", ""H"", ""H"", ""H"", ""H"", ""H"", ""H"", ""H"", ""O"", ""C"", ""N"", ""C"", ""C"", ""C"", ""C"", ""C"", ""C"", ""N"", ""C"", ""C"", ""C"", ""C"", ""N"", ""C"", ""O"", ""N"", ""C"", ""C"", ""C"", ""C"", ""C"", ""C"", ""C"", ""N"", ""C"", ""O"", ""N"", ""C"", ""C"", ""C"", ""H"", ""H"", ""H"", ""H"", ""H"", ""H"", ""H"", ""H"", ""H"", ""H"", ""H"", ""H"", ""H"", ""H""]",C138H84N36O18,"[true, true, true]","[35.72339928676953, 0.0, 0.0, -17.135414882289574, 31.345475166501696, 0.0, -17.135414882289574, -28.895963649025813, 12.147514075231749]",13602.384484924416,[],"{""cutoff=4.500_skin=0.000"": 4758, ""cutoff=4.500_skin=0.250"": 5430, ""cutoff=4.500_skin=0.500"": 5898, ""cutoff=4.500_skin=1.000"": 6840, ""cutoff=6.000_skin=0.000"": 8058, ""cutoff=6.000_skin=0.250"": 8574, ""cutoff=6.000_skin=0.500"": 9282, ""cutoff=6.000_skin=1.000"": 11076}",0.0,,
OPT-MIX-R32-v1,7717e04ce0dba888e4d7f61604eb78b6dea28f4d6920d0102d2813c23e0dc110,OPT-MIX-R32-v1:0010,Aven12_1_378_z1,8705be7b2013be9c39206be3fed1b1215b9c96949474779342d0579a3e66ea8b,10,T2_test,Aven12_1_378_z1.cif,6bdefe59ea712c0749030516d7a306b5f4e1d8745464f247a079480f2efb3413,8705be7b2013be9c39206be3fed1b1215b9c96949474779342d0579a3e66ea8b,0,46,"[""O"", ""C"", ""N"", ""C"", ""C"", ""C"", ""C"", ""C"", ""C"", ""N"", ""C"", ""C"", ""C"", ""C"", ""N"", ""C"", ""O"", ""N"", ""C"", ""C"", ""C"", ""C"", ""C"", ""C"", ""C"", ""N"", ""C"", ""O"", ""N"", ""C"", ""C"", ""C"", ""H"", ""H"", ""H"", ""H"", ""H"", ""H"", ""H"", ""H"", ""H"", ""H"", ""H"", ""H"", ""H"", ""H""]",C23H14N6O3,"[true, true, true]","[11.074328817378245, 0.0, 0.0, -6.864933288169456, 9.427237888968982, 0.0, 0.2592534375309752, -0.6765561903867768, 11.175457000318533]",1166.721423566928,[],"{""cutoff=4.500_skin=0.000"": 852, ""cutoff=4.500_skin=0.250"": 988, ""cutoff=4.500_skin=0.500"": 1092, ""cutoff=4.500_skin=1.000"": 1326, ""cutoff=6.000_skin=0.000"": 1650, ""cutoff=6.000_skin=0.250"": 1824, ""cutoff=6.000_skin=0.500"": 1986, ""cutoff=6.000_skin=1.000"": 2476}",0.0,,
OPT-MIX-R32-v1,7717e04ce0dba888e4d7f61604eb78b6dea28f4d6920d0102d2813c23e0dc110,OPT-MIX-R32-v1:0011,Aven12_148_211_z1,ccaa0f6629bc95dbf9d15ee0b9f2366057f95461140fc35dbc35a40d28ae086b,11,T2_test,Aven12_148_211_z1.cif,fc7a0fa1c332c1e85d7f0a4a07e040fb0711e0a07a5c724858be24b063bcc4e8,ccaa0f6629bc95dbf9d15ee0b9f2366057f95461140fc35dbc35a40d28ae086b,0,276,"[""O"", ""C"", ""N"", ""C"", ""C"", ""C"", ""C"", ""C"", ""C"", ""N"", ""C"", ""C"", ""C"", ""C"", ""N"", ""C"", ""O"", ""N"", ""C"", ""C"", ""C"", ""C"", ""C"", ""C"", ""C"", ""N"", ""C"", ""O"", ""N"", ""C"", ""C"", ""C"", ""H"", ""H"", ""H"", ""H"", ""H"", ""H"", ""H"", ""H"", ""H"", ""H"", ""H"", ""H"", ""H"", ""H"", ""O"", ""C"", ""N"", ""C"", ""C"", ""C"", ""C"", ""C"", ""C"", ""N"", ""C"", ""C"", ""C"", ""C"", ""N"", ""C"", ""O"", ""N"", ""C"", ""C"", ""C"", ""C"", ""C"", ""C"", ""C"", ""N"", ""C"", ""O"", ""N"", ""C"", ""C"", ""C"", ""H"", ""H"", ""H"", ""H"", ""H"", ""H"", ""H"", ""H"", ""H"", ""H"", ""H"", ""H"", ""H"", ""H"", ""O"", ""C"", ""N"", ""C"", ""C"", ""C"", ""C"", ""C"", ""C"", ""N"", ""C"", ""C"", ""C"", ""C"", ""N"", ""C"", ""O"", ""N"", ""C"", ""C"", ""C"", ""C"", ""C"", ""C"", ""C"", ""N"", ""C"", ""O"", ""N"", ""C"", ""C"", ""C"", ""H"", ""H"", ""H"", ""H"", ""H"", ""H"", ""H"", ""H"", ""H"", ""H"", ""H"", ""H"", ""H"", ""H"", ""O"", ""C"", ""N"", ""C"", ""C"", ""C"", ""C"", ""C"", ""C"", ""N"", ""C"", ""C"", ""C"", ""C"", ""N"", ""C"", ""O"", ""N"", ""C"", ""C"", ""C"", ""C"", ""C"", ""C"", ""C"", ""N"", ""C"", ""O"", ""N"", ""C"", ""C"", ""C"", ""H"", ""H"", ""H"", ""H"", ""H"", ""H"", ""H"", ""H"", ""H"", ""H"", ""H"", ""H"", ""H"", ""H"", ""O"", ""C"", ""N"", ""C"", ""C"", ""C"", ""C"", ""C"", ""C"", ""N"", ""C"", ""C"", ""C"", ""C"", ""N"", ""C"", ""O"", ""N"", ""C"", ""C"", ""C"", ""C"", ""C"", ""C"", ""C"", ""N"", ""C"", ""O"", ""N"", ""C"", ""C"", ""C"", ""H"", ""H"", ""H"", ""H"", ""H"", ""H"", ""H"", ""H"", ""H"", ""H"", ""H"", ""H"", ""H"", ""H"", ""O"", ""C"", ""N"", ""C"", ""C"", ""C"", ""C"", ""C"", ""C"", ""N"", ""C"", ""C"", ""C"", ""C"", ""N"", ""C"", ""O"", ""N"", ""C"", ""C"", ""C"", ""C"", ""C"", ""C"", ""C"", ""N"", ""C"", ""O"", ""N"", ""C"", ""C"", ""C"", ""H"", ""H"", ""H"", ""H"", ""H"", ""H"", ""H"", ""H"", ""H"", ""H"", ""H"", ""H"", ""H"", ""H""]",C138H84N36O18,"[true, true, true]","[20.966582631354427, 0.0, 0.0, 0.49413185515978103, 20.960759073734174, 0.0, 0.49413185515978103, 0.48262040731076306, 20.955202182025747]",9209.297686965707,[],"{""cutoff=4.500_skin=0.000"": 5586, ""cutoff=4.500_skin=0.250"": 6450, ""cutoff=4.500_skin=0.500"": 7050, ""cutoff=4.500_skin=1.000"": 8562, ""cutoff=6.000_skin=0.000"": 10266, ""cutoff=6.000_skin=0.250"": 11058, ""cutoff=6.000_skin=0.500"": 12198, ""cutoff=6.000_skin=1.000"": 14490}",0.0,,
OPT-MIX-R32-v1,7717e04ce0dba888e4d7f61604eb78b6dea28f4d6920d0102d2813c23e0dc110,OPT-MIX-R32-v1:0012,Aven12_1_263_z1,6bec98d7200e2fd563e62de578fe4e268147e09e229e1c4474282f68129baec1,12,T2_test,Aven12_1_263_z1.cif,e1e620e5c51b5c8941363521fd132787c5513a0e62c89fced4e7a811139e17be,6bec98d7200e2fd563e62de578fe4e268147e09e229e1c4474282f68129baec1,0,46,"[""O"", ""C"", ""N"", ""C"", ""C"", ""C"", ""C"", ""C"", ""C"", ""N"", ""C"", ""C"", ""C"", ""C"", ""N"", ""C"", ""O"", ""N"", ""C"", ""C"", ""C"", ""C"", ""C"", ""C"", ""C"", ""N"", ""C"", ""O"", ""N"", ""C"", ""C"", ""C"", ""H"", ""H"", ""H"", ""H"", ""H"", ""H"", ""H"", ""H"", ""H"", ""H"", ""H"", ""H"", ""H"", ""H""]",C23H14N6O3,"[true, true, true]","[12.953875802555224, 0.0, 0.0, 3.2856134156133354, 9.892360225829508, 0.0, -0.6042626253529856, -9.17179263698722, 11.107438332237514]",1423.3560845952302,[],"{""cutoff=4.500_skin=0.000"": 830, ""cutoff=4.500_skin=0.250"": 958, ""cutoff=4.500_skin=0.500"": 1036, ""cutoff=4.500_skin=1.000"": 1238, ""cutoff=6.000_skin=0.000"": 1494, ""cutoff=6.000_skin=0.250"": 1612, ""cutoff=6.000_skin=0.500"": 1782, ""cutoff=6.000_skin=1.000"": 2178}",0.0,,
OPT-MIX-R32-v1,7717e04ce0dba888e4d7f61604eb78b6dea28f4d6920d0102d2813c23e0dc110,OPT-MIX-R32-v1:0013,Aven12_148_690_z1,9e1c6fb7193cc4aa8aebc25211ed8ac4f1b821edd16f92dca31e7b03f61c0ef3,13,T2_test,Aven12_148_690_z1.cif,5986ef138ed2914cb793e0f4b76a76d26afa2ec98a476a83e03ce87d36bf1b1b,9e1c6fb7193cc4aa8aebc25211ed8ac4f1b821edd16f92dca31e7b03f61c0ef3,0,276,"[""O"", ""C"", ""N"", ""C"", ""C"", ""C"", ""C"", ""C"", ""C"", ""N"", ""C"", ""C"", ""C"", ""C"", ""N"", ""C"", ""O"", ""N"", ""C"", ""C"", ""C"", ""C"", ""C"", ""C"", ""C"", ""N"", ""C"", ""O"", ""N"", ""C"", ""C"", ""C"", ""H"", ""H"", ""H"", ""H"", ""H"", ""H"", ""H"", ""H"", ""H"", ""H"", ""H"", ""H"", ""H"", ""H"", ""O"", ""C"", ""N"", ""C"", ""C"", ""C"", ""C"", ""C"", ""C"", ""N"", ""C"", ""C"", ""C"", ""C"", ""N"", ""C"", ""O"", ""N"", ""C"", ""C"", ""C"", ""C"", ""C"", ""C"", ""C"", ""N"", ""C"", ""O"", ""N"", ""C"", ""C"", ""C"", ""H"", ""H"", ""H"", ""H"", ""H"", ""H"", ""H"", ""H"", ""H"", ""H"", ""H"", ""H"", ""H"", ""H"", ""O"", ""C"", ""N"", ""C"", ""C"", ""C"", ""C"", ""C"", ""C"", ""N"", ""C"", ""C"", ""C"", ""C"", ""N"", ""C"", ""O"", ""N"", ""C"", ""C"", ""C"", ""C"", ""C"", ""C"", ""C"", ""N"", ""C"", ""O"", ""N"", ""C"", ""C"", ""C"", ""H"", ""H"", ""H"", ""H"", ""H"", ""H"", ""H"", ""H"", ""H"", ""H"", ""H"", ""H"", ""H"", ""H"", ""O"", ""C"", ""N"", ""C"", ""C"", ""C"", ""C"", ""C"", ""C"", ""N"", ""C"", ""C"", ""C"", ""C"", ""N"", ""C"", ""O"", ""N"", ""C"", ""C"", ""C"", ""C"", ""C"", ""C"", ""C"", ""N"", ""C"", ""O"", ""N"", ""C"", ""C"", ""C"", ""H"", ""H"", ""H"", ""H"", ""H"", ""H"", ""H"", ""H"", ""H"", ""H"", ""H"", ""H"", ""H"", ""H"", ""O"", ""C"", ""N"", ""C"", ""C"", ""C"", ""C"", ""C"", ""C"", ""N"", ""C"", ""C"", ""C"", ""C"", ""N"", ""C"", ""O"", ""N"", ""C"", ""C"", ""C"", ""C"", ""C"", ""C"", ""C"", ""N"", ""C"", ""O"", ""N"", ""C"", ""C"", ""C"", ""H"", ""H"", ""H"", ""H"", ""H"", ""H"", ""H"", ""H"", ""H"", ""H"", ""H"", ""H"", ""H"", ""H"", ""O"", ""C"", ""N"", ""C"", ""C"", ""C"", ""C"", ""C"", ""C"", ""N"", ""C"", ""C"", ""C"", ""C"", ""N"", ""C"", ""O"", ""N"", ""C"", ""C"", ""C"", ""C"", ""C"", ""C"", ""C"", ""N"", ""C"", ""O"", ""N"", ""C"", ""C"", ""C"", ""H"", ""H"", ""H"", ""H"", ""H"", ""H"", ""H"", ""H"", ""H"", ""H"", ""H"", ""H"", ""H"", ""H""]",C138H84N36O18,"[true, true, true]","[22.738068620695742, 0.0, 0.0, -5.315251547793562, 22.10809502384017, 0.0, -5.315251547793562, -6.744608854155841, 21.054171011644918]",10583.834533601004,[],"{""cutoff=4.500_skin=0.000"": 5124, ""cutoff=4.500_skin=0.250"": 6012, ""cutoff=4.500_skin=0.500"": 6540, ""cutoff=4.500_skin=1.000"": 8136, ""cutoff=6.000_skin=0.000"": 10308, ""cutoff=6.000_skin=0.250"": 11412, ""cutoff=6.000_skin=0.500"": 12672, ""cutoff=6.000_skin=1.000"": 15666}",0.0,,
OPT-MIX-R32-v1,7717e04ce0dba888e4d7f61604eb78b6dea28f4d6920d0102d2813c23e0dc110,OPT-MIX-R32-v1:0014,Aven12_1_277_z1,0bd099736f3667d4a3e2cfb48f896ddfee7544fc15be2a4744a7f777132ca92a,14,T2_test,Aven12_1_277_z1.cif,24cde5d1d4c4637a8a9242cb3fad730a5ae2659f36d9cbf616e224e9df60fcf4,0bd099736f3667d4a3e2cfb48f896ddfee7544fc15be2a4744a7f777132ca92a,0,46,"[""O"", ""C"", ""N"", ""C"", ""C"", ""C"", ""C"", ""C"", ""C"", ""N"", ""C"", ""C"", ""C"", ""C"", ""N"", ""C"", ""O"", ""N"", ""C"", ""C"", ""C"", ""C"", ""C"", ""C"", ""C"", ""N"", ""C"", ""O"", ""N"", ""C"", ""C"", ""C"", ""H"", ""H"", ""H"", ""H"", ""H"", ""H"", ""H"", ""H"", ""H"", ""H"", ""H"", ""H"", ""H"", ""H""]",C23H14N6O3,"[true, true, true]","[13.638149398769649, 0.0, 0.0, -0.5593172266890224, 10.28616174822126, 0.0, 7.387582067356132, -5.738091610182449, 10.174966283407823]",1427.387113581868,[],"{""cutoff=4.500_skin=0.000"": 848, ""cutoff=4.500_skin=0.250"": 980, ""cutoff=4.500_skin=0.500"": 1056, ""cutoff=4.500_skin=1.000"": 1248, ""cutoff=6.000_skin=0.000"": 1504, ""cutoff=6.000_skin=0.250"": 1622, ""cutoff=6.000_skin=0.500"": 1776, ""cutoff=6.000_skin=1.000"": 2148}",0.0,,
OPT-MIX-R32-v1,7717e04ce0dba888e4d7f61604eb78b6dea28f4d6920d0102d2813c23e0dc110,OPT-MIX-R32-v1:0015,Aven12_148_1276_z1,dedb1cf17323b3f162267835761295f3406b3945777c5917637d796db08ded28,15,T2_test,Aven12_148_1276_z1.cif,12caf513b30ae2a9ffad28cbc6317c89a4dc0456d69709b6ab8caf9d4d73c3a2,dedb1cf17323b3f162267835761295f3406b3945777c5917637d796db08ded28,0,276,"[""O"", ""C"", ""N"", ""C"", ""C"", ""C"", ""C"", ""C"", ""C"", ""N"", ""C"", ""C"", ""C"", ""C"", ""N"", ""C"", ""O"", ""N"", ""C"", ""C"", ""C"", ""C"", ""C"", ""C"", ""C"", ""N"", ""C"", ""O"", ""N"", ""C"", ""C"", ""C"", ""H"", ""H"", ""H"", ""H"", ""H"", ""H"", ""H"", ""H"", ""H"", ""H"", ""H"", ""H"", ""H"", ""H"", ""O"", ""C"", ""N"", ""C"", ""C"", ""C"", ""C"", ""C"", ""C"", ""N"", ""C"", ""C"", ""C"", ""C"", ""N"", ""C"", ""O"", ""N"", ""C"", ""C"", ""C"", ""C"", ""C"", ""C"", ""C"", ""N"", ""C"", ""O"", ""N"", ""C"", ""C"", ""C"", ""H"", ""H"", ""H"", ""H"", ""H"", ""H"", ""H"", ""H"", ""H"", ""H"", ""H"", ""H"", ""H"", ""H"", ""O"", ""C"", ""N"", ""C"", ""C"", ""C"", ""C"", ""C"", ""C"", ""N"", ""C"", ""C"", ""C"", ""C"", ""N"", ""C"", ""O"", ""N"", ""C"", ""C"", ""C"", ""C"", ""C"", ""C"", ""C"", ""N"", ""C"", ""O"", ""N"", ""C"", ""C"", ""C"", ""H"", ""H"", ""H"", ""H"", ""H"", ""H"", ""H"", ""H"", ""H"", ""H"", ""H"", ""H"", ""H"", ""H"", ""O"", ""C"", ""N"", ""C"", ""C"", ""C"", ""C"", ""C"", ""C"", ""N"", ""C"", ""C"", ""C"", ""C"", ""N"", ""C"", ""O"", ""N"", ""C"", ""C"", ""C"", ""C"", ""C"", ""C"", ""C"", ""N"", ""C"", ""O"", ""N"", ""C"", ""C"", ""C"", ""H"", ""H"", ""H"", ""H"", ""H"", ""H"", ""H"", ""H"", ""H"", ""H"", ""H"", ""H"", ""H"", ""H"", ""O"", ""C"", ""N"", ""C"", ""C"", ""C"", ""C"", ""C"", ""C"", ""N"", ""C"", ""C"", ""C"", ""C"", ""N"", ""C"", ""O"", ""N"", ""C"", ""C"", ""C"", ""C"", ""C"", ""C"", ""C"", ""N"", ""C"", ""O"", ""N"", ""C"", ""C"", ""C"", ""H"", ""H"", ""H"", ""H"", ""H"", ""H"", ""H"", ""H"", ""H"", ""H"", ""H"", ""H"", ""H"", ""H"", ""O"", ""C"", ""N"", ""C"", ""C"", ""C"", ""C"", ""C"", ""C"", ""N"", ""C"", ""C"", ""C"", ""C"", ""N"", ""C"", ""O"", ""N"", ""C"", ""C"", ""C"", ""C"", ""C"", ""C"", ""C"", ""N"", ""C"", ""O"", ""N"", ""C"", ""C"", ""C"", ""H"", ""H"", ""H"", ""H"", ""H"", ""H"", ""H"", ""H"", ""H"", ""H"", ""H"", ""H"", ""H"", ""H""]",C138H84N36O18,"[true, true, true]","[25.43930484031374, 0.0, 0.0, -3.9591403310341655, 25.129334225116047, 0.0, -3.9591403310341655, -4.631741092099809, 24.698793757051025]",15789.266888235366,[],"{""cutoff=4.500_skin=0.000"": 4716, ""cutoff=4.500_skin=0.250"": 5388, ""cutoff=4.500_skin=0.500"": 5760, ""cutoff=4.500_skin=1.000"": 6738, ""cutoff=6.000_skin=0.000"": 7902, ""cutoff=6.000_skin=0.250"": 8478, ""cutoff=6.000_skin=0.500"": 9210, ""cutoff=6.000_skin=1.000"": 10806}",0.0,,
OPT-MIX-R32-v1,7717e04ce0dba888e4d7f61604eb78b6dea28f4d6920d0102d2813c23e0dc110,OPT-MIX-R32-v1:0016,Aven12_1_474_z1,aa06e62f467eeea484499f719c2cfabf25125da56029e6b0dba456e412d5b88e,16,T2_test,Aven12_1_474_z1.cif,63cd83d55edd9bee4412944496e79edbd2b11577d87177d93436427f8d682b4f,aa06e62f467eeea484499f719c2cfabf25125da56029e6b0dba456e412d5b88e,0,46,"[""O"", ""C"", ""N"", ""C"", ""C"", ""C"", ""C"", ""C"", ""C"", ""N"", ""C"", ""C"", ""C"", ""C"", ""N"", ""C"", ""O"", ""N"", ""C"", ""C"", ""C"", ""C"", ""C"", ""C"", ""C"", ""N"", ""C"", ""O"", ""N"", ""C"", ""C"", ""C"", ""H"", ""H"", ""H"", ""H"", ""H"", ""H"", ""H"", ""H"", ""H"", ""H"", ""H"", ""H"", ""H"", ""H""]",C23H14N6O3,"[true, true, true]","[14.574740367018954, 0.0, 0.0, -2.1146564692481795, 7.933815121039066, 0.0, -6.32062754784754, 6.111552754675949, 10.708681834514461]",1238.2801710830568,[],"{""cutoff=4.500_skin=0.000"": 872, ""cutoff=4.500_skin=0.250"": 1004, ""cutoff=4.500_skin=0.500"": 1130, ""cutoff=4.500_skin=1.000"": 1348, ""cutoff=6.000_skin=0.000"": 1696, ""cutoff=6.000_skin=0.250"": 1874, ""cutoff=6.000_skin=0.500"": 2080, ""cutoff=6.000_skin=1.000"": 2548}",0.0,,
OPT-MIX-R32-v1,7717e04ce0dba888e4d7f61604eb78b6dea28f4d6920d0102d2813c23e0dc110,OPT-MIX-R32-v1:0017,Aven12_148_1301_z1,1c62e61f6071d5e39c469ee57fa4d0a46eaac82498ae2f7b73bd658ccab7bab9,17,T2_test,Aven12_148_1301_z1.cif,4a2cdd6acde4cfc0c155539d4b30b359fff37a1a5b3099554cf3aa71a284d399,1c62e61f6071d5e39c469ee57fa4d0a46eaac82498ae2f7b73bd658ccab7bab9,0,276,"[""O"", ""C"", ""N"", ""C"", ""C"", ""C"", ""C"", ""C"", ""C"", ""N"", ""C"", ""C"", ""C"", ""C"", ""N"", ""C"", ""O"", ""N"", ""C"", ""C"", ""C"", ""C"", ""C"", ""C"", ""C"", ""N"", ""C"", ""O"", ""N"", ""C"", ""C"", ""C"", ""H"", ""H"", ""H"", ""H"", ""H"", ""H"", ""H"", ""H"", ""H"", ""H"", ""H"", ""H"", ""H"", ""H"", ""O"", ""C"", ""N"", ""C"", ""C"", ""C"", ""C"", ""C"", ""C"", ""N"", ""C"", ""C"", ""C"", ""C"", ""N"", ""C"", ""O"", ""N"", ""C"", ""C"", ""C"", ""C"", ""C"", ""C"", ""C"", ""N"", ""C"", ""O"", ""N"", ""C"", ""C"", ""C"", ""H"", ""H"", ""H"", ""H"", ""H"", ""H"", ""H"", ""H"", ""H"", ""H"", ""H"", ""H"", ""H"", ""H"", ""O"", ""C"", ""N"", ""C"", ""C"", ""C"", ""C"", ""C"", ""C"", ""N"", ""C"", ""C"", ""C"", ""C"", ""N"", ""C"", ""O"", ""N"", ""C"", ""C"", ""C"", ""C"", ""C"", ""C"", ""C"", ""N"", ""C"", ""O"", ""N"", ""C"", ""C"", ""C"", ""H"", ""H"", ""H"", ""H"", ""H"", ""H"", ""H"", ""H"", ""H"", ""H"", ""H"", ""H"", ""H"", ""H"", ""O"", ""C"", ""N"", ""C"", ""C"", ""C"", ""C"", ""C"", ""C"", ""N"", ""C"", ""C"", ""C"", ""C"", ""N"", ""C"", ""O"", ""N"", ""C"", ""C"", ""C"", ""C"", ""C"", ""C"", ""C"", ""N"", ""C"", ""O"", ""N"", ""C"", ""C"", ""C"", ""H"", ""H"", ""H"", ""H"", ""H"", ""H"", ""H"", ""H"", ""H"", ""H"", ""H"", ""H"", ""H"", ""H"", ""O"", ""C"", ""N"", ""C"", ""C"", ""C"", ""C"", ""C"", ""C"", ""N"", ""C"", ""C"", ""C"", ""C"", ""N"", ""C"", ""O"", ""N"", ""C"", ""C"", ""C"", ""C"", ""C"", ""C"", ""C"", ""N"", ""C"", ""O"", ""N"", ""C"", ""C"", ""C"", ""H"", ""H"", ""H"", ""H"", ""H"", ""H"", ""H"", ""H"", ""H"", ""H"", ""H"", ""H"", ""H"", ""H"", ""O"", ""C"", ""N"", ""C"", ""C"", ""C"", ""C"", ""C"", ""C"", ""N"", ""C"", ""C"", ""C"", ""C"", ""N"", ""C"", ""O"", ""N"", ""C"", ""C"", ""C"", ""C"", ""C"", ""C"", ""C"", ""N"", ""C"", ""O"", ""N"", ""C"", ""C"", ""C"", ""H"", ""H"", ""H"", ""H"", ""H"", ""H"", ""H"", ""H"", ""H"", ""H"", ""H"", ""H"", ""H"", ""H""]",C138H84N36O18,"[true, true, true]","[22.50381459960804, 0.0, 0.0, -2.479176686959524, 22.366836041075825, 0.0, -2.479176686959524, -2.769155612998901, 22.194754598313654]",11171.488502221166,[],"{""cutoff=4.500_skin=0.000"": 4872, ""cutoff=4.500_skin=0.250"": 5592, ""cutoff=4.500_skin=0.500"": 5988, ""cutoff=4.500_skin=1.000"": 7080, ""cutoff=6.000_skin=0.000"": 8424, ""cutoff=6.000_skin=0.250"": 9012, ""cutoff=6.000_skin=0.500"": 9756, ""cutoff=6.000_skin=1.000"": 11748}",0.0,,
OPT-MIX-R32-v1,7717e04ce0dba888e4d7f61604eb78b6dea28f4d6920d0102d2813c23e0dc110,OPT-MIX-R32-v1:0018,Aven12_1_491_z1,443c2bd6d81af66602db96b55b0f30d68f353ca118621aba3987473730314964,18,T2_test,Aven12_1_491_z1.cif,25e007fcde299010c527ab08829bdae3238f884c9c2e962a3f1bd0732efe7fc3,443c2bd6d81af66602db96b55b0f30d68f353ca118621aba3987473730314964,0,46,"[""O"", ""C"", ""N"", ""C"", ""C"", ""C"", ""C"", ""C"", ""C"", ""N"", ""C"", ""C"", ""C"", ""C"", ""N"", ""C"", ""O"", ""N"", ""C"", ""C"", ""C"", ""C"", ""C"", ""C"", ""C"", ""N"", ""C"", ""O"", ""N"", ""C"", ""C"", ""C"", ""H"", ""H"", ""H"", ""H"", ""H"", ""H"", ""H"", ""H"", ""H"", ""H"", ""H"", ""H"", ""H"", ""H""]",C23H14N6O3,"[true, true, true]","[8.987269240870106, 0.0, 0.0, 2.1780788056822264, 10.737315232043041, 0.0, 0.7788819533717012, 2.990895040512585, 10.722086058780125]",1034.6721149274315,[],"{""cutoff=4.500_skin=0.000"": 916, ""cutoff=4.500_skin=0.250"": 1088, ""cutoff=4.500_skin=0.500"": 1202, ""cutoff=4.500_skin=1.000"": 1470, ""cutoff=6.000_skin=0.000"": 1858, ""cutoff=6.000_skin=0.250"": 2008, ""cutoff=6.000_skin=0.500"": 2248, ""cutoff=6.000_skin=1.000"": 2880}",0.0,,
OPT-MIX-R32-v1,7717e04ce0dba888e4d7f61604eb78b6dea28f4d6920d0102d2813c23e0dc110,OPT-MIX-R32-v1:0019,Aven12_148_541_z1,edd3b92cd37ff690865645abf5b6dcdd84df6ad35cb68072f3e41328a4ee6f2e,19,T2_test,Aven12_148_541_z1.cif,c91cde6a7364fa0faf27d261c10741ee4f954a66fb606428c031d75437e33038,edd3b92cd37ff690865645abf5b6dcdd84df6ad35cb68072f3e41328a4ee6f2e,0,276,"[""O"", ""C"", ""N"", ""C"", ""C"", ""C"", ""C"", ""C"", ""C"", ""N"", ""C"", ""C"", ""C"", ""C"", ""N"", ""C"", ""O"", ""N"", ""C"", ""C"", ""C"", ""C"", ""C"", ""C"", ""C"", ""N"", ""C"", ""O"", ""N"", ""C"", ""C"", ""C"", ""H"", ""H"", ""H"", ""H"", ""H"", ""H"", ""H"", ""H"", ""H"", ""H"", ""H"", ""H"", ""H"", ""H"", ""O"", ""C"", ""N"", ""C"", ""C"", ""C"", ""C"", ""C"", ""C"", ""N"", ""C"", ""C"", ""C"", ""C"", ""N"", ""C"", ""O"", ""N"", ""C"", ""C"", ""C"", ""C"", ""C"", ""C"", ""C"", ""N"", ""C"", ""O"", ""N"", ""C"", ""C"", ""C"", ""H"", ""H"", ""H"", ""H"", ""H"", ""H"", ""H"", ""H"", ""H"", ""H"", ""H"", ""H"", ""H"", ""H"", ""O"", ""C"", ""N"", ""C"", ""C"", ""C"", ""C"", ""C"", ""C"", ""N"", ""C"", ""C"", ""C"", ""C"", ""N"", ""C"", ""O"", ""N"", ""C"", ""C"", ""C"", ""C"", ""C"", ""C"", ""C"", ""N"", ""C"", ""O"", ""N"", ""C"", ""C"", ""C"", ""H"", ""H"", ""H"", ""H"", ""H"", ""H"", ""H"", ""H"", ""H"", ""H"", ""H"", ""H"", ""H"", ""H"", ""O"", ""C"", ""N"", ""C"", ""C"", ""C"", ""C"", ""C"", ""C"", ""N"", ""C"", ""C"", ""C"", ""C"", ""N"", ""C"", ""O"", ""N"", ""C"", ""C"", ""C"", ""C"", ""C"", ""C"", ""C"", ""N"", ""C"", ""O"", ""N"", ""C"", ""C"", ""C"", ""H"", ""H"", ""H"", ""H"", ""H"", ""H"", ""H"", ""H"", ""H"", ""H"", ""H"", ""H"", ""H"", ""H"", ""O"", ""C"", ""N"", ""C"", ""C"", ""C"", ""C"", ""C"", ""C"", ""N"", ""C"", ""C"", ""C"", ""C"", ""N"", ""C"", ""O"", ""N"", ""C"", ""C"", ""C"", ""C"", ""C"", ""C"", ""C"", ""N"", ""C"", ""O"", ""N"", ""C"", ""C"", ""C"", ""H"", ""H"", ""H"", ""H"", ""H"", ""H"", ""H"", ""H"", ""H"", ""H"", ""H"", ""H"", ""H"", ""H"", ""O"", ""C"", ""N"", ""C"", ""C"", ""C"", ""C"", ""C"", ""C"", ""N"", ""C"", ""C"", ""C"", ""C"", ""N"", ""C"", ""O"", ""N"", ""C"", ""C"", ""C"", ""C"", ""C"", ""C"", ""C"", ""N"", ""C"", ""O"", ""N"", ""C"", ""C"", ""C"", ""H"", ""H"", ""H"", ""H"", ""H"", ""H"", ""H"", ""H"", ""H"", ""H"", ""H"", ""H"", ""H"", ""H""]",C138H84N36O18,"[true, true, true]","[26.194894140917526, 0.0, 0.0, 0.10827181532995682, 26.19467037906529, 0.0, 0.10827181532995682, 0.10782521460073939, 26.194448457468557]",17973.756098897626,[],"{""cutoff=4.500_skin=0.000"": 4764, ""cutoff=4.500_skin=0.250"": 5460, ""cutoff=4.500_skin=0.500"": 5880, ""cutoff=4.500_skin=1.000"": 6726, ""cutoff=6.000_skin=0.000"": 7854, ""cutoff=6.000_skin=0.250"": 8382, ""cutoff=6.000_skin=0.500"": 9120, ""cutoff=6.000_skin=1.000"": 10932}",0.0,,
OPT-MIX-R32-v1,7717e04ce0dba888e4d7f61604eb78b6dea28f4d6920d0102d2813c23e0dc110,OPT-MIX-R32-v1:0020,Aven12_1_401_z1,8d0ac99db1daacab32273e72f53872ede8250ae8e28eda3cf884d41e460ff654,20,T2_test,Aven12_1_401_z1.cif,a3a6823e3d1a7f3fa411aefb049e150f8ad9ee3d6064160456538fcfcaedc5d8,8d0ac99db1daacab32273e72f53872ede8250ae8e28eda3cf884d41e460ff654,0,46,"[""O"", ""C"", ""N"", ""C"", ""C"", ""C"", ""C"", ""C"", ""C"", ""N"", ""C"", ""C"", ""C"", ""C"", ""N"", ""C"", ""O"", ""N"", ""C"", ""C"", ""C"", ""C"", ""C"", ""C"", ""C"", ""N"", ""C"", ""O"", ""N"", ""C"", ""C"", ""C"", ""H"", ""H"", ""H"", ""H"", ""H"", ""H"", ""H"", ""H"", ""H"", ""H"", ""H"", ""H"", ""H"", ""H""]",C23H14N6O3,"[true, true, true]","[8.533689232485095, 0.0, 0.0, 5.181383313124523, 13.764141521185739, 0.0, -2.0767871501584585, 2.2808628783857463, 12.272597159334868]",1441.5258397191808,[],"{""cutoff=4.500_skin=0.000"": 856, ""cutoff=4.500_skin=0.250"": 982, ""cutoff=4.500_skin=0.500"": 1070, ""cutoff=4.500_skin=1.000"": 1300, ""cutoff=6.000_skin=0.000"": 1590, ""cutoff=6.000_skin=0.250"": 1740, ""cutoff=6.000_skin=0.500"": 1918, ""cutoff=6.000_skin=1.000"": 2320}",0.0,,
OPT-MIX-R32-v1,7717e04ce0dba888e4d7f61604eb78b6dea28f4d6920d0102d2813c23e0dc110,OPT-MIX-R32-v1:0021,Aven12_148_930_z1,1aaf0ca8f9b69e8b9c5f752c3fc6454daaa5fa33abfb663e4c813cf717ab967a,21,T2_test,Aven12_148_930_z1.cif,1eeb1b9622d44e4c7341c7a804e13af03ecbf0b9dbaba86777d7010091685284,1aaf0ca8f9b69e8b9c5f752c3fc6454daaa5fa33abfb663e4c813cf717ab967a,0,276,"[""O"", ""C"", ""N"", ""C"", ""C"", ""C"", ""C"", ""C"", ""C"", ""N"", ""C"", ""C"", ""C"", ""C"", ""N"", ""C"", ""O"", ""N"", ""C"", ""C"", ""C"", ""C"", ""C"", ""C"", ""C"", ""N"", ""C"", ""O"", ""N"", ""C"", ""C"", ""C"", ""H"", ""H"", ""H"", ""H"", ""H"", ""H"", ""H"", ""H"", ""H"", ""H"", ""H"", ""H"", ""H"", ""H"", ""O"", ""C"", ""N"", ""C"", ""C"", ""C"", ""C"", ""C"", ""C"", ""N"", ""C"", ""C"", ""C"", ""C"", ""N"", ""C"", ""O"", ""N"", ""C"", ""C"", ""C"", ""C"", ""C"", ""C"", ""C"", ""N"", ""C"", ""O"", ""N"", ""C"", ""C"", ""C"", ""H"", ""H"", ""H"", ""H"", ""H"", ""H"", ""H"", ""H"", ""H"", ""H"", ""H"", ""H"", ""H"", ""H"", ""O"", ""C"", ""N"", ""C"", ""C"", ""C"", ""C"", ""C"", ""C"", ""N"", ""C"", ""C"", ""C"", ""C"", ""N"", ""C"", ""O"", ""N"", ""C"", ""C"", ""C"", ""C"", ""C"", ""C"", ""C"", ""N"", ""C"", ""O"", ""N"", ""C"", ""C"", ""C"", ""H"", ""H"", ""H"", ""H"", ""H"", ""H"", ""H"", ""H"", ""H"", ""H"", ""H"", ""H"", ""H"", ""H"", ""O"", ""C"", ""N"", ""C"", ""C"", ""C"", ""C"", ""C"", ""C"", ""N"", ""C"", ""C"", ""C"", ""C"", ""N"", ""C"", ""O"", ""N"", ""C"", ""C"", ""C"", ""C"", ""C"", ""C"", ""C"", ""N"", ""C"", ""O"", ""N"", ""C"", ""C"", ""C"", ""H"", ""H"", ""H"", ""H"", ""H"", ""H"", ""H"", ""H"", ""H"", ""H"", ""H"", ""H"", ""H"", ""H"", ""O"", ""C"", ""N"", ""C"", ""C"", ""C"", ""C"", ""C"", ""C"", ""N"", ""C"", ""C"", ""C"", ""C"", ""N"", ""C"", ""O"", ""N"", ""C"", ""C"", ""C"", ""C"", ""C"", ""C"", ""C"", ""N"", ""C"", ""O"", ""N"", ""C"", ""C"", ""C"", ""H"", ""H"", ""H"", ""H"", ""H"", ""H"", ""H"", ""H"", ""H"", ""H"", ""H"", ""H"", ""H"", ""H"", ""O"", ""C"", ""N"", ""C"", ""C"", ""C"", ""C"", ""C"", ""C"", ""N"", ""C"", ""C"", ""C"", ""C"", ""N"", ""C"", ""O"", ""N"", ""C"", ""C"", ""C"", ""C"", ""C"", ""C"", ""C"", ""N"", ""C"", ""O"", ""N"", ""C"", ""C"", ""C"", ""H"", ""H"", ""H"", ""H"", ""H"", ""H"", ""H"", ""H"", ""H"", ""H"", ""H"", ""H"", ""H"", ""H""]",C138H84N36O18,"[true, true, true]","[27.086444309571746, 0.0, 0.0, -9.788569163822784, 25.25587810907768, 0.0, -9.788569163822784, -14.291865768527064, 20.82311100472246]",14244.922318490959,[],"{""cutoff=4.500_skin=0.000"": 4848, ""cutoff=4.500_skin=0.250"": 5568, ""cutoff=4.500_skin=0.500"": 5904, ""cutoff=4.500_skin=1.000"": 6840, ""cutoff=6.000_skin=0.000"": 7962, ""cutoff=6.000_skin=0.250"": 8466, ""cutoff=6.000_skin=0.500"": 9144, ""cutoff=6.000_skin=1.000"": 10752}",0.0,,
OPT-MIX-R32-v1,7717e04ce0dba888e4d7f61604eb78b6dea28f4d6920d0102d2813c23e0dc110,OPT-MIX-R32-v1:0022,Aven12_1_201_z1,e4265e6cbb26c246ea4f12f574d797df0d731243bc1960c73e80eee12c7f3c3f,22,T2_test,Aven12_1_201_z1.cif,672e60e02c98c3a8fa7305c8aeb8d432a31aeea57058f39a653c76311c7fa246,e4265e6cbb26c246ea4f12f574d797df0d731243bc1960c73e80eee12c7f3c3f,0,46,"[""O"", ""C"", ""N"", ""C"", ""C"", ""C"", ""C"", ""C"", ""C"", ""N"", ""C"", ""C"", ""C"", ""C"", ""N"", ""C"", ""O"", ""N"", ""C"", ""C"", ""C"", ""C"", ""C"", ""C"", ""C"", ""N"", ""C"", ""O"", ""N"", ""C"", ""C"", ""C"", ""H"", ""H"", ""H"", ""H"", ""H"", ""H"", ""H"", ""H"", ""H"", ""H"", ""H"", ""H"", ""H"", ""H""]",C23H14N6O3,"[true, true, true]","[14.27396552396625, 0.0, 0.0, -7.203432736167576, 11.69694600147498, 0.0, 3.2663559855091266, -1.9642347790198207, 8.489477862659248]",1417.418538634431,[],"{""cutoff=4.500_skin=0.000"": 858, ""cutoff=4.500_skin=0.250"": 988, ""cutoff=4.500_skin=0.500"": 1070, ""cutoff=4.500_skin=1.000"": 1282, ""cutoff=6.000_skin=0.000"": 1542, ""cutoff=6.000_skin=0.250"": 1662, ""cutoff=6.000_skin=0.500"": 1826, ""cutoff=6.000_skin=1.000"": 2230}",0.0,,
OPT-MIX-R32-v1,7717e04ce0dba888e4d7f61604eb78b6dea28f4d6920d0102d2813c23e0dc110,OPT-MIX-R32-v1:0023,Aven12_148_551_z1,c61cc518cfb11c9a80f005e532a31b9d30ce92d0ca077ccd749779e52957da91,23,T2_test,Aven12_148_551_z1.cif,e6f9d25a1e422409f9a45cac3ccb721dc572d6f707a533fa9f93901d0df4f58c,c61cc518cfb11c9a80f005e532a31b9d30ce92d0ca077ccd749779e52957da91,0,276,"[""O"", ""C"", ""N"", ""C"", ""C"", ""C"", ""C"", ""C"", ""C"", ""N"", ""C"", ""C"", ""C"", ""C"", ""N"", ""C"", ""O"", ""N"", ""C"", ""C"", ""C"", ""C"", ""C"", ""C"", ""C"", ""N"", ""C"", ""O"", ""N"", ""C"", ""C"", ""C"", ""H"", ""H"", ""H"", ""H"", ""H"", ""H"", ""H"", ""H"", ""H"", ""H"", ""H"", ""H"", ""H"", ""H"", ""O"", ""C"", ""N"", ""C"", ""C"", ""C"", ""C"", ""C"", ""C"", ""N"", ""C"", ""C"", ""C"", ""C"", ""N"", ""C"", ""O"", ""N"", ""C"", ""C"", ""C"", ""C"", ""C"", ""C"", ""C"", ""N"", ""C"", ""O"", ""N"", ""C"", ""C"", ""C"", ""H"", ""H"", ""H"", ""H"", ""H"", ""H"", ""H"", ""H"", ""H"", ""H"", ""H"", ""H"", ""H"", ""H"", ""O"", ""C"", ""N"", ""C"", ""C"", ""C"", ""C"", ""C"", ""C"", ""N"", ""C"", ""C"", ""C"", ""C"", ""N"", ""C"", ""O"", ""N"", ""C"", ""C"", ""C"", ""C"", ""C"", ""C"", ""C"", ""N"", ""C"", ""O"", ""N"", ""C"", ""C"", ""C"", ""H"", ""H"", ""H"", ""H"", ""H"", ""H"", ""H"", ""H"", ""H"", ""H"", ""H"", ""H"", ""H"", ""H"", ""O"", ""C"", ""N"", ""C"", ""C"", ""C"", ""C"", ""C"", ""C"", ""N"", ""C"", ""C"", ""C"", ""C"", ""N"", ""C"", ""O"", ""N"", ""C"", ""C"", ""C"", ""C"", ""C"", ""C"", ""C"", ""N"", ""C"", ""O"", ""N"", ""C"", ""C"", ""C"", ""H"", ""H"", ""H"", ""H"", ""H"", ""H"", ""H"", ""H"", ""H"", ""H"", ""H"", ""H"", ""H"", ""H"", ""O"", ""C"", ""N"", ""C"", ""C"", ""C"", ""C"", ""C"", ""C"", ""N"", ""C"", ""C"", ""C"", ""C"", ""N"", ""C"", ""O"", ""N"", ""C"", ""C"", ""C"", ""C"", ""C"", ""C"", ""C"", ""N"", ""C"", ""O"", ""N"", ""C"", ""C"", ""C"", ""H"", ""H"", ""H"", ""H"", ""H"", ""H"", ""H"", ""H"", ""H"", ""H"", ""H"", ""H"", ""H"", ""H"", ""O"", ""C"", ""N"", ""C"", ""C"", ""C"", ""C"", ""C"", ""C"", ""N"", ""C"", ""C"", ""C"", ""C"", ""N"", ""C"", ""O"", ""N"", ""C"", ""C"", ""C"", ""C"", ""C"", ""C"", ""C"", ""N"", ""C"", ""O"", ""N"", ""C"", ""C"", ""C"", ""H"", ""H"", ""H"", ""H"", ""H"", ""H"", ""H"", ""H"", ""H"", ""H"", ""H"", ""H"", ""H"", ""H""]",C138H84N36O18,"[true, true, true]","[28.749692570113496, 0.0, 0.0, -7.949877309693066, 27.62868570230706, 0.0, -7.949877309693066, -10.559933288415772, 25.531002381047927]",20279.689305596054,[],"{""cutoff=4.500_skin=0.000"": 4764, ""cutoff=4.500_skin=0.250"": 5442, ""cutoff=4.500_skin=0.500"": 5778, ""cutoff=4.500_skin=1.000"": 6654, ""cutoff=6.000_skin=0.000"": 7818, ""cutoff=6.000_skin=0.250"": 8358, ""cutoff=6.000_skin=0.500"": 9054, ""cutoff=6.000_skin=1.000"": 10956}",0.0,,
OPT-MIX-R32-v1,7717e04ce0dba888e4d7f61604eb78b6dea28f4d6920d0102d2813c23e0dc110,OPT-MIX-R32-v1:0024,Aven12_1_234_z1,943fe74311b74c6c9209699c9b66577ce5ace4938cd542aeb9fc77ab3392bebd,24,T2_test,Aven12_1_234_z1.cif,5fe8d8aed5fe198101f703de1eb1d2bc5d145a6d535bf24deb25d595bea1c887,943fe74311b74c6c9209699c9b66577ce5ace4938cd542aeb9fc77ab3392bebd,0,46,"[""O"", ""C"", ""N"", ""C"", ""C"", ""C"", ""C"", ""C"", ""C"", ""N"", ""C"", ""C"", ""C"", ""C"", ""N"", ""C"", ""O"", ""N"", ""C"", ""C"", ""C"", ""C"", ""C"", ""C"", ""C"", ""N"", ""C"", ""O"", ""N"", ""C"", ""C"", ""C"", ""H"", ""H"", ""H"", ""H"", ""H"", ""H"", ""H"", ""H"", ""H"", ""H"", ""H"", ""H"", ""H"", ""H""]",C23H14N6O3,"[true, true, true]","[12.142634161509797, 0.0, 0.0, -6.962160269339508, 9.850206654575098, 0.0, 1.9617904901454228, -7.257623307114474, 9.841096873816962]",1177.0685595728676,[],"{""cutoff=4.500_skin=0.000"": 848, ""cutoff=4.500_skin=0.250"": 988, ""cutoff=4.500_skin=0.500"": 1084, ""cutoff=4.500_skin=1.000"": 1340, ""cutoff=6.000_skin=0.000"": 1648, ""cutoff=6.000_skin=0.250"": 1786, ""cutoff=6.000_skin=0.500"": 1990, ""cutoff=6.000_skin=1.000"": 2492}",0.0,,
OPT-MIX-R32-v1,7717e04ce0dba888e4d7f61604eb78b6dea28f4d6920d0102d2813c23e0dc110,OPT-MIX-R32-v1:0025,Aven12_148_452_z1,d6e9aaabd2322b058b174847192bbbd951c4be7a04766ce79f5994e4eb1737a1,25,T2_test,Aven12_148_452_z1.cif,09e7af154b6211d9f5f8a20c4038b058bb5fdcb1491ffeebdcced39b71a4fa37,d6e9aaabd2322b058b174847192bbbd951c4be7a04766ce79f5994e4eb1737a1,0,276,"[""O"", ""C"", ""N"", ""C"", ""C"", ""C"", ""C"", ""C"", ""C"", ""N"", ""C"", ""C"", ""C"", ""C"", ""N"", ""C"", ""O"", ""N"", ""C"", ""C"", ""C"", ""C"", ""C"", ""C"", ""C"", ""N"", ""C"", ""O"", ""N"", ""C"", ""C"", ""C"", ""H"", ""H"", ""H"", ""H"", ""H"", ""H"", ""H"", ""H"", ""H"", ""H"", ""H"", ""H"", ""H"", ""H"", ""O"", ""C"", ""N"", ""C"", ""C"", ""C"", ""C"", ""C"", ""C"", ""N"", ""C"", ""C"", ""C"", ""C"", ""N"", ""C"", ""O"", ""N"", ""C"", ""C"", ""C"", ""C"", ""C"", ""C"", ""C"", ""N"", ""C"", ""O"", ""N"", ""C"", ""C"", ""C"", ""H"", ""H"", ""H"", ""H"", ""H"", ""H"", ""H"", ""H"", ""H"", ""H"", ""H"", ""H"", ""H"", ""H"", ""O"", ""C"", ""N"", ""C"", ""C"", ""C"", ""C"", ""C"", ""C"", ""N"", ""C"", ""C"", ""C"", ""C"", ""N"", ""C"", ""O"", ""N"", ""C"", ""C"", ""C"", ""C"", ""C"", ""C"", ""C"", ""N"", ""C"", ""O"", ""N"", ""C"", ""C"", ""C"", ""H"", ""H"", ""H"", ""H"", ""H"", ""H"", ""H"", ""H"", ""H"", ""H"", ""H"", ""H"", ""H"", ""H"", ""O"", ""C"", ""N"", ""C"", ""C"", ""C"", ""C"", ""C"", ""C"", ""N"", ""C"", ""C"", ""C"", ""C"", ""N"", ""C"", ""O"", ""N"", ""C"", ""C"", ""C"", ""C"", ""C"", ""C"", ""C"", ""N"", ""C"", ""O"", ""N"", ""C"", ""C"", ""C"", ""H"", ""H"", ""H"", ""H"", ""H"", ""H"", ""H"", ""H"", ""H"", ""H"", ""H"", ""H"", ""H"", ""H"", ""O"", ""C"", ""N"", ""C"", ""C"", ""C"", ""C"", ""C"", ""C"", ""N"", ""C"", ""C"", ""C"", ""C"", ""N"", ""C"", ""O"", ""N"", ""C"", ""C"", ""C"", ""C"", ""C"", ""C"", ""C"", ""N"", ""C"", ""O"", ""N"", ""C"", ""C"", ""C"", ""H"", ""H"", ""H"", ""H"", ""H"", ""H"", ""H"", ""H"", ""H"", ""H"", ""H"", ""H"", ""H"", ""H"", ""O"", ""C"", ""N"", ""C"", ""C"", ""C"", ""C"", ""C"", ""C"", ""N"", ""C"", ""C"", ""C"", ""C"", ""N"", ""C"", ""O"", ""N"", ""C"", ""C"", ""C"", ""C"", ""C"", ""C"", ""C"", ""N"", ""C"", ""O"", ""N"", ""C"", ""C"", ""C"", ""H"", ""H"", ""H"", ""H"", ""H"", ""H"", ""H"", ""H"", ""H"", ""H"", ""H"", ""H"", ""H"", ""H""]",C138H84N36O18,"[true, true, true]","[22.924697812028718, 0.0, 0.0, 7.131510341412568, 21.787228598955856, 0.0, 7.131510341412568, 5.169509249834749, 21.165053842100967]",10571.216989170476,[],"{""cutoff=4.500_skin=0.000"": 4884, ""cutoff=4.500_skin=0.250"": 5766, ""cutoff=4.500_skin=0.500"": 6414, ""cutoff=4.500_skin=1.000"": 7614, ""cutoff=6.000_skin=0.000"": 9270, ""cutoff=6.000_skin=0.250"": 9876, ""cutoff=6.000_skin=0.500"": 10686, ""cutoff=6.000_skin=1.000"": 12774}",0.0,,
OPT-MIX-R32-v1,7717e04ce0dba888e4d7f61604eb78b6dea28f4d6920d0102d2813c23e0dc110,OPT-MIX-R32-v1:0026,Aven12_1_367_z1,b9a2444bddecc118dbbea720ea2706dcdf89b37aad155a5988615fd5470d249f,26,T2_test,Aven12_1_367_z1.cif,5601dcd79020e0f4d00a90b46d2fdc858eb37a149d4dc472ef37dca838394fe9,b9a2444bddecc118dbbea720ea2706dcdf89b37aad155a5988615fd5470d249f,0,46,"[""O"", ""C"", ""N"", ""C"", ""C"", ""C"", ""C"", ""C"", ""C"", ""N"", ""C"", ""C"", ""C"", ""C"", ""N"", ""C"", ""O"", ""N"", ""C"", ""C"", ""C"", ""C"", ""C"", ""C"", ""C"", ""N"", ""C"", ""O"", ""N"", ""C"", ""C"", ""C"", ""H"", ""H"", ""H"", ""H"", ""H"", ""H"", ""H"", ""H"", ""H"", ""H"", ""H"", ""H"", ""H"", ""H""]",C23H14N6O3,"[true, true, true]","[8.047060169938034, 0.0, 0.0, -5.582434996482303, 13.820568586782198, 0.0, 0.3738776950883024, -1.7404616289633605, 11.329717062270246]",1260.0338826120872,[],"{""cutoff=4.500_skin=0.000"": 872, ""cutoff=4.500_skin=0.250"": 1022, ""cutoff=4.500_skin=0.500"": 1130, ""cutoff=4.500_skin=1.000"": 1384, ""cutoff=6.000_skin=0.000"": 1724, ""cutoff=6.000_skin=0.250"": 1930, ""cutoff=6.000_skin=0.500"": 2136, ""cutoff=6.000_skin=1.000"": 2640}",0.0,,
OPT-MIX-R32-v1,7717e04ce0dba888e4d7f61604eb78b6dea28f4d6920d0102d2813c23e0dc110,OPT-MIX-R32-v1:0027,Aven12_148_2142_z1,92ac12f3623218ad4916fd9d29ddc769fc5d7d8e322cc1e5a477e159a643d69f,27,T2_test,Aven12_148_2142_z1.cif,38852ad529ff9e49ee7d2708557cf7dc3b7722f08e3e364eecc403f399dd409f,92ac12f3623218ad4916fd9d29ddc769fc5d7d8e322cc1e5a477e159a643d69f,0,276,"[""O"", ""C"", ""N"", ""C"", ""C"", ""C"", ""C"", ""C"", ""C"", ""N"", ""C"", ""C"", ""C"", ""C"", ""N"", ""C"", ""O"", ""N"", ""C"", ""C"", ""C"", ""C"", ""C"", ""C"", ""C"", ""N"", ""C"", ""O"", ""N"", ""C"", ""C"", ""C"", ""H"", ""H"", ""H"", ""H"", ""H"", ""H"", ""H"", ""H"", ""H"", ""H"", ""H"", ""H"", ""H"", ""H"", ""O"", ""C"", ""N"", ""C"", ""C"", ""C"", ""C"", ""C"", ""C"", ""N"", ""C"", ""C"", ""C"", ""C"", ""N"", ""C"", ""O"", ""N"", ""C"", ""C"", ""C"", ""C"", ""C"", ""C"", ""C"", ""N"", ""C"", ""O"", ""N"", ""C"", ""C"", ""C"", ""H"", ""H"", ""H"", ""H"", ""H"", ""H"", ""H"", ""H"", ""H"", ""H"", ""H"", ""H"", ""H"", ""H"", ""O"", ""C"", ""N"", ""C"", ""C"", ""C"", ""C"", ""C"", ""C"", ""N"", ""C"", ""C"", ""C"", ""C"", ""N"", ""C"", ""O"", ""N"", ""C"", ""C"", ""C"", ""C"", ""C"", ""C"", ""C"", ""N"", ""C"", ""O"", ""N"", ""C"", ""C"", ""C"", ""H"", ""H"", ""H"", ""H"", ""H"", ""H"", ""H"", ""H"", ""H"", ""H"", ""H"", ""H"", ""H"", ""H"", ""O"", ""C"", ""N"", ""C"", ""C"", ""C"", ""C"", ""C"", ""C"", ""N"", ""C"", ""C"", ""C"", ""C"", ""N"", ""C"", ""O"", ""N"", ""C"", ""C"", ""C"", ""C"", ""C"", ""C"", ""C"", ""N"", ""C"", ""O"", ""N"", ""C"", ""C"", ""C"", ""H"", ""H"", ""H"", ""H"", ""H"", ""H"", ""H"", ""H"", ""H"", ""H"", ""H"", ""H"", ""H"", ""H"", ""O"", ""C"", ""N"", ""C"", ""C"", ""C"", ""C"", ""C"", ""C"", ""N"", ""C"", ""C"", ""C"", ""C"", ""N"", ""C"", ""O"", ""N"", ""C"", ""C"", ""C"", ""C"", ""C"", ""C"", ""C"", ""N"", ""C"", ""O"", ""N"", ""C"", ""C"", ""C"", ""H"", ""H"", ""H"", ""H"", ""H"", ""H"", ""H"", ""H"", ""H"", ""H"", ""H"", ""H"", ""H"", ""H"", ""O"", ""C"", ""N"", ""C"", ""C"", ""C"", ""C"", ""C"", ""C"", ""N"", ""C"", ""C"", ""C"", ""C"", ""N"", ""C"", ""O"", ""N"", ""C"", ""C"", ""C"", ""C"", ""C"", ""C"", ""C"", ""N"", ""C"", ""O"", ""N"", ""C"", ""C"", ""C"", ""H"", ""H"", ""H"", ""H"", ""H"", ""H"", ""H"", ""H"", ""H"", ""H"", ""H"", ""H"", ""H"", ""H""]",C138H84N36O18,"[true, true, true]","[27.183910838100843, 0.0, 0.0, -4.0590860603412535, 26.879152308221325, 0.0, -4.0590860603412535, -4.718080828574436, 26.461831797961345]",19335.14395320934,[],"{""cutoff=4.500_skin=0.000"": 4770, ""cutoff=4.500_skin=0.250"": 5442, ""cutoff=4.500_skin=0.500"": 5754, ""cutoff=4.500_skin=1.000"": 6618, ""cutoff=6.000_skin=0.000"": 7782, ""cutoff=6.000_skin=0.250"": 8262, ""cutoff=6.000_skin=0.500"": 8994, ""cutoff=6.000_skin=1.000"": 10506}",0.0,,
OPT-MIX-R32-v1,7717e04ce0dba888e4d7f61604eb78b6dea28f4d6920d0102d2813c23e0dc110,OPT-MIX-R32-v1:0028,Aven12_1_18_z1,f350bad6c00ed867363a2118fa330f338f7e0b7d481fed20551d6c05f95d91ac,28,T2_test,Aven12_1_18_z1.cif,d8d84fc7c6556a9f4da68df15a4dd72b6ea0688e7dcadf7388e245fbb837b6ec,f350bad6c00ed867363a2118fa330f338f7e0b7d481fed20551d6c05f95d91ac,0,46,"[""O"", ""C"", ""N"", ""C"", ""C"", ""C"", ""C"", ""C"", ""C"", ""N"", ""C"", ""C"", ""C"", ""C"", ""N"", ""C"", ""O"", ""N"", ""C"", ""C"", ""C"", ""C"", ""C"", ""C"", ""C"", ""N"", ""C"", ""O"", ""N"", ""C"", ""C"", ""C"", ""H"", ""H"", ""H"", ""H"", ""H"", ""H"", ""H"", ""H"", ""H"", ""H"", ""H"", ""H"", ""H"", ""H""]",C23H14N6O3,"[true, true, true]","[12.974699902569348, 0.0, 0.0, -1.1187716737681497, 13.459896326700399, 0.0, -2.722704166889445, -7.735726867568401, 7.616498984942704]",1330.131029884636,[],"{""cutoff=4.500_skin=0.000"": 842, ""cutoff=4.500_skin=0.250"": 970, ""cutoff=4.500_skin=0.500"": 1056, ""cutoff=4.500_skin=1.000"": 1260, ""cutoff=6.000_skin=0.000"": 1546, ""cutoff=6.000_skin=0.250"": 1696, ""cutoff=6.000_skin=0.500"": 1864, ""cutoff=6.000_skin=1.000"": 2268}",0.0,,
OPT-MIX-R32-v1,7717e04ce0dba888e4d7f61604eb78b6dea28f4d6920d0102d2813c23e0dc110,OPT-MIX-R32-v1:0029,Aven12_148_1824_z1,4f281ad284a37822e191f1866095bfab18d6d38c8d0f14052af061cf3914c7cf,29,T2_test,Aven12_148_1824_z1.cif,a943c0010545757741331e4057490f3cd5725e5d7958982ae33749c3fc80f5b0,4f281ad284a37822e191f1866095bfab18d6d38c8d0f14052af061cf3914c7cf,0,276,"[""O"", ""C"", ""N"", ""C"", ""C"", ""C"", ""C"", ""C"", ""C"", ""N"", ""C"", ""C"", ""C"", ""C"", ""N"", ""C"", ""O"", ""N"", ""C"", ""C"", ""C"", ""C"", ""C"", ""C"", ""C"", ""N"", ""C"", ""O"", ""N"", ""C"", ""C"", ""C"", ""H"", ""H"", ""H"", ""H"", ""H"", ""H"", ""H"", ""H"", ""H"", ""H"", ""H"", ""H"", ""H"", ""H"", ""O"", ""C"", ""N"", ""C"", ""C"", ""C"", ""C"", ""C"", ""C"", ""N"", ""C"", ""C"", ""C"", ""C"", ""N"", ""C"", ""O"", ""N"", ""C"", ""C"", ""C"", ""C"", ""C"", ""C"", ""C"", ""N"", ""C"", ""O"", ""N"", ""C"", ""C"", ""C"", ""H"", ""H"", ""H"", ""H"", ""H"", ""H"", ""H"", ""H"", ""H"", ""H"", ""H"", ""H"", ""H"", ""H"", ""O"", ""C"", ""N"", ""C"", ""C"", ""C"", ""C"", ""C"", ""C"", ""N"", ""C"", ""C"", ""C"", ""C"", ""N"", ""C"", ""O"", ""N"", ""C"", ""C"", ""C"", ""C"", ""C"", ""C"", ""C"", ""N"", ""C"", ""O"", ""N"", ""C"", ""C"", ""C"", ""H"", ""H"", ""H"", ""H"", ""H"", ""H"", ""H"", ""H"", ""H"", ""H"", ""H"", ""H"", ""H"", ""H"", ""O"", ""C"", ""N"", ""C"", ""C"", ""C"", ""C"", ""C"", ""C"", ""N"", ""C"", ""C"", ""C"", ""C"", ""N"", ""C"", ""O"", ""N"", ""C"", ""C"", ""C"", ""C"", ""C"", ""C"", ""C"", ""N"", ""C"", ""O"", ""N"", ""C"", ""C"", ""C"", ""H"", ""H"", ""H"", ""H"", ""H"", ""H"", ""H"", ""H"", ""H"", ""H"", ""H"", ""H"", ""H"", ""H"", ""O"", ""C"", ""N"", ""C"", ""C"", ""C"", ""C"", ""C"", ""C"", ""N"", ""C"", ""C"", ""C"", ""C"", ""N"", ""C"", ""O"", ""N"", ""C"", ""C"", ""C"", ""C"", ""C"", ""C"", ""C"", ""N"", ""C"", ""O"", ""N"", ""C"", ""C"", ""C"", ""H"", ""H"", ""H"", ""H"", ""H"", ""H"", ""H"", ""H"", ""H"", ""H"", ""H"", ""H"", ""H"", ""H"", ""O"", ""C"", ""N"", ""C"", ""C"", ""C"", ""C"", ""C"", ""C"", ""N"", ""C"", ""C"", ""C"", ""C"", ""N"", ""C"", ""O"", ""N"", ""C"", ""C"", ""C"", ""C"", ""C"", ""C"", ""C"", ""N"", ""C"", ""O"", ""N"", ""C"", ""C"", ""C"", ""H"", ""H"", ""H"", ""H"", ""H"", ""H"", ""H"", ""H"", ""H"", ""H"", ""H"", ""H"", ""H"", ""H""]",C138H84N36O18,"[true, true, true]","[23.637026525773763, 0.0, 0.0, -5.594695130323275, 22.96537413975373, 0.0, -5.594695130323275, -7.1212674265660905, 21.833368031941344]",11851.876112347249,[],"{""cutoff=4.500_skin=0.000"": 4860, ""cutoff=4.500_skin=0.250"": 5520, ""cutoff=4.500_skin=0.500"": 5934, ""cutoff=4.500_skin=1.000"": 6870, ""cutoff=6.000_skin=0.000"": 8166, ""cutoff=6.000_skin=0.250"": 8730, ""cutoff=6.000_skin=0.500"": 9564, ""cutoff=6.000_skin=1.000"": 11370}",0.0,,
OPT-MIX-R32-v1,7717e04ce0dba888e4d7f61604eb78b6dea28f4d6920d0102d2813c23e0dc110,OPT-MIX-R32-v1:0030,Aven12_1_152_z1,ef4a89e4eb4cf7146c53cbf6ebd0324730c67dee58cea538526d20bff16ac471,30,T2_test,Aven12_1_152_z1.cif,c530ab5225fb1c731997905828e24fcbff23b0053460025f77f6fddf2778765f,ef4a89e4eb4cf7146c53cbf6ebd0324730c67dee58cea538526d20bff16ac471,0,46,"[""O"", ""C"", ""N"", ""C"", ""C"", ""C"", ""C"", ""C"", ""C"", ""N"", ""C"", ""C"", ""C"", ""C"", ""N"", ""C"", ""O"", ""N"", ""C"", ""C"", ""C"", ""C"", ""C"", ""C"", ""C"", ""N"", ""C"", ""O"", ""N"", ""C"", ""C"", ""C"", ""H"", ""H"", ""H"", ""H"", ""H"", ""H"", ""H"", ""H"", ""H"", ""H"", ""H"", ""H"", ""H"", ""H""]",C23H14N6O3,"[true, true, true]","[13.038543391316502, 0.0, 0.0, 7.85953969101891, 11.249988526928007, 0.0, 4.772914706050752, 0.7398936942537958, 8.165802823307349]",1197.7882408720843,[],"{""cutoff=4.500_skin=0.000"": 836, ""cutoff=4.500_skin=0.250"": 966, ""cutoff=4.500_skin=0.500"": 1054, ""cutoff=4.500_skin=1.000"": 1302, ""cutoff=6.000_skin=0.000"": 1590, ""cutoff=6.000_skin=0.250"": 1748, ""cutoff=6.000_skin=0.500"": 1944, ""cutoff=6.000_skin=1.000"": 2426}",0.0,,
OPT-MIX-R32-v1,7717e04ce0dba888e4d7f61604eb78b6dea28f4d6920d0102d2813c23e0dc110,OPT-MIX-R32-v1:0031,Aven12_148_457_z1,fc1472393d5f96c3b1d97a17ae35264d8e583c443be86eb3db2ccecd620c6434,31,T2_test,Aven12_148_457_z1.cif,2960b57aeafd6575297b364befc0fa41642157a7fb12595f012a111a540555f6,fc1472393d5f96c3b1d97a17ae35264d8e583c443be86eb3db2ccecd620c6434,0,276,"[""O"", ""C"", ""N"", ""C"", ""C"", ""C"", ""C"", ""C"", ""C"", ""N"", ""C"", ""C"", ""C"", ""C"", ""N"", ""C"", ""O"", ""N"", ""C"", ""C"", ""C"", ""C"", ""C"", ""C"", ""C"", ""N"", ""C"", ""O"", ""N"", ""C"", ""C"", ""C"", ""H"", ""H"", ""H"", ""H"", ""H"", ""H"", ""H"", ""H"", ""H"", ""H"", ""H"", ""H"", ""H"", ""H"", ""O"", ""C"", ""N"", ""C"", ""C"", ""C"", ""C"", ""C"", ""C"", ""N"", ""C"", ""C"", ""C"", ""C"", ""N"", ""C"", ""O"", ""N"", ""C"", ""C"", ""C"", ""C"", ""C"", ""C"", ""C"", ""N"", ""C"", ""O"", ""N"", ""C"", ""C"", ""C"", ""H"", ""H"", ""H"", ""H"", ""H"", ""H"", ""H"", ""H"", ""H"", ""H"", ""H"", ""H"", ""H"", ""H"", ""O"", ""C"", ""N"", ""C"", ""C"", ""C"", ""C"", ""C"", ""C"", ""N"", ""C"", ""C"", ""C"", ""C"", ""N"", ""C"", ""O"", ""N"", ""C"", ""C"", ""C"", ""C"", ""C"", ""C"", ""C"", ""N"", ""C"", ""O"", ""N"", ""C"", ""C"", ""C"", ""H"", ""H"", ""H"", ""H"", ""H"", ""H"", ""H"", ""H"", ""H"", ""H"", ""H"", ""H"", ""H"", ""H"", ""O"", ""C"", ""N"", ""C"", ""C"", ""C"", ""C"", ""C"", ""C"", ""N"", ""C"", ""C"", ""C"", ""C"", ""N"", ""C"", ""O"", ""N"", ""C"", ""C"", ""C"", ""C"", ""C"", ""C"", ""C"", ""N"", ""C"", ""O"", ""N"", ""C"", ""C"", ""C"", ""H"", ""H"", ""H"", ""H"", ""H"", ""H"", ""H"", ""H"", ""H"", ""H"", ""H"", ""H"", ""H"", ""H"", ""O"", ""C"", ""N"", ""C"", ""C"", ""C"", ""C"", ""C"", ""C"", ""N"", ""C"", ""C"", ""C"", ""C"", ""N"", ""C"", ""O"", ""N"", ""C"", ""C"", ""C"", ""C"", ""C"", ""C"", ""C"", ""N"", ""C"", ""O"", ""N"", ""C"", ""C"", ""C"", ""H"", ""H"", ""H"", ""H"", ""H"", ""H"", ""H"", ""H"", ""H"", ""H"", ""H"", ""H"", ""H"", ""H"", ""O"", ""C"", ""N"", ""C"", ""C"", ""C"", ""C"", ""C"", ""C"", ""N"", ""C"", ""C"", ""C"", ""C"", ""N"", ""C"", ""O"", ""N"", ""C"", ""C"", ""C"", ""C"", ""C"", ""C"", ""C"", ""N"", ""C"", ""O"", ""N"", ""C"", ""C"", ""C"", ""H"", ""H"", ""H"", ""H"", ""H"", ""H"", ""H"", ""H"", ""H"", ""H"", ""H"", ""H"", ""H"", ""H""]",C138H84N36O18,"[true, true, true]","[24.1484025772658, 0.0, 0.0, -6.411941012861109, 23.281588422641768, 0.0, -6.411941012861109, -8.416570075695342, 21.706996743957856]",12203.95944773846,[],"{""cutoff=4.500_skin=0.000"": 4884, ""cutoff=4.500_skin=0.250"": 5592, ""cutoff=4.500_skin=0.500"": 6162, ""cutoff=4.500_skin=1.000"": 7452, ""cutoff=6.000_skin=0.000"": 8988, ""cutoff=6.000_skin=0.250"": 9576, ""cutoff=6.000_skin=0.500"": 10248, ""cutoff=6.000_skin=1.000"": 12000}",0.0,,
